<?xml version="1.0" encoding="utf-8"?>
<cwaopendata xmlns="urn:cwa:gov:tw:cwacommon:0.1">
  <Identifier>e26bfa4c-9aed-42f4-95b5-8636120ad568</Identifier>
  <Sender>weather@cwa.gov.tw</Sender>
  <Sent>2025-11-30T18:17:59+08:00</Sent>
  <Status>Actual</Status>
  <Scope>Public</Scope>
  <MsgType>Issue</MsgType>
  <Dataid>null</Dataid>
  <Source>MFC</Source>
  <Dataset>
    <DatasetInfo>
      <DatasetDescription>臺灣各縣市鄉鎮未來1週逐24小時天氣預報</DatasetDescription>
      <DatasetLanguage>zh-TW</DatasetLanguage>
      <DataValueInfo>
        <Temperature description="平均溫度" unit="攝氏度"/>
        <DewPoint description="平均露點溫度" unit="攝氏度"/>
        <MaxTemperature description="最高溫度" unit="攝氏度"/>
        <MinTemperature description="最低溫度" unit="攝氏度"/>
        <MaxApparentTemperature description="最高體感溫度" unit="攝氏度"/>
        <MinApparentTemperature description="最低體感溫度" unit="攝氏度"/>
        <MaxComfortIndex description="最大舒適度指數" unit="NA"/>
        <MaxComfortIndexDescription description="最大舒適度指數描述" unit="NA"/>
        <MinComfortIndex description="最小舒適度指數" unit="NA"/>
        <MinComfortIndexDescription description="最小舒適度指數描述" unit="NA"/>
        <RelativeHumidity description="平均相對濕度" unit="百分比"/>
        <WindDirection description="風向" unit="8方位"/>
        <WindSpeed description="風速" unit="公尺/秒"/>
        <BeaufortScale description="蒲福風級" unit="蒲福風級"/>
        <ProbabilityOfPrecipitation description="24小時降雨機率" unit="百分比"/>
        <UVIndex description="紫外線指數" unit="NA"/>
        <UVExposureLevel description="紫外線曝曬級數" unit="NA"/>
        <Weather description="天氣現象" unit="NA"/>
        <WeatherCode description="天氣現象代碼" unit="NA"/>
        <WeatherDescription description="天氣預報綜合描述" unit="NA"/>
      </DataValueInfo>
      <IssueTime>2025-11-30T17:00:00+08:00</IssueTime>
      <ValidTime>
        <StartTime>2025-11-30T18:00:00+08:00</StartTime>
        <EndTime>2025-12-08T00:00:00+08:00</EndTime>
      </ValidTime>
      <Update>2025-11-30T18:17:59+08:00</Update>
    </DatasetInfo>
    <Locations>
      <LocationsName>新竹市</LocationsName>
      <Location>
        <LocationName>東區</LocationName>
        <Geocode>10018010</Geocode>
        <Latitude>24.806995</Latitude>
        <Longitude>120.965302</Longitude>
        <WeatherElement>
          <ElementName>平均溫度</ElementName>
          <Time>
            <StartTime>2025-12-01T00:00:00+08:00</StartTime>
            <EndTime>2025-12-02T00:00:00+08:00</EndTime>
            <ElementValue>
              <Temperature>21</Temperature>
            </ElementValue>
          </Time>
          <Time>
            <StartTime>2025-12-02T00:00:00+08:00</StartTime>
            <EndTime>2025-12-03T00:00:00+08:00</EndTime>
            <ElementValue>
              <Temperature>21</Temperature>
            </ElementValue>
          </Time>
          <Time>
            <StartTime>2025-12-03T00:00:00+08:00</StartTime>
            <EndTime>2025-12-04T00:00:00+08:00</EndTime>
            <ElementValue>
              <Temperature>18</Temperature>
            </ElementValue>
          </Time>
          <Time>
            <StartTime>2025-12-04T00:00:00+08:00</StartTime>
            <EndTime>2025-12-05T00:00:00+08:00</EndTime>
            <ElementValue>
              <Temperature>17</Temperature>
            </ElementValue>
          </Time>
          <Time>
            <StartTime>2025-12-05T00:00:00+08:00</StartTime>
            <EndTime>2025-12-06T00:00:00+08:00</EndTime>
            <ElementValue>
              <Temperature>19</Temperature>
            </ElementValue>
          </Time>
          <Time>
            <StartTime>2025-12-06T00:00:00+08:00</StartTime>
            <EndTime>2025-12-07T00:00:00+08:00</EndTime>
            <ElementValue>
              <Temperature>20</Temperature>
            </ElementValue>
          </Time>
          <Time>
            <StartTime>2025-12-07T00:00:00+08:00</StartTime>
            <EndTime>2025-12-08T00:00:00+08:00</EndTime>
            <ElementValue>
              <Temperature>20</Temperature>
            </ElementValue>
          </Time>
        </WeatherElement>
        <WeatherElement>
          <ElementName>最高溫度</ElementName>
          <Time>
            <StartTime>2025-12-01T00:00:00+08:00</StartTime>
            <EndTime>2025-12-02T00:00:00+08:00</EndTime>
            <ElementValue>
              <MaxTemperature>24</MaxTemperature>
            </ElementValue>
          </Time>
          <Time>
            <StartTime>2025-12-02T00:00:00+08:00</StartTime>
            <EndTime>2025-12-03T00:00:00+08:00</EndTime>
            <ElementValue>
              <MaxTemperature>24</MaxTemperature>
            </ElementValue>
          </Time>
          <Time>
            <StartTime>2025-12-03T00:00:00+08:00</StartTime>
            <EndTime>2025-12-04T00:00:00+08:00</EndTime>
            <ElementValue>
              <MaxTemperature>20</MaxTemperature>
            </ElementValue>
          </Time>
          <Time>
            <StartTime>2025-12-04T00:00:00+08:00</StartTime>
            <EndTime>2025-12-05T00:00:00+08:00</EndTime>
            <ElementValue>
              <MaxTemperature>19</MaxTemperature>
            </ElementValue>
          </Time>
          <Time>
            <StartTime>2025-12-05T00:00:00+08:00</StartTime>
            <EndTime>2025-12-06T00:00:00+08:00</EndTime>
            <ElementValue>
              <MaxTemperature>22</MaxTemperature>
            </ElementValue>
          </Time>
          <Time>
            <StartTime>2025-12-06T00:00:00+08:00</StartTime>
            <EndTime>2025-12-07T00:00:00+08:00</EndTime>
            <ElementValue>
              <MaxTemperature>23</MaxTemperature>
            </ElementValue>
          </Time>
          <Time>
            <StartTime>2025-12-07T00:00:00+08:00</StartTime>
            <EndTime>2025-12-08T00:00:00+08:00</EndTime>
            <ElementValue>
              <MaxTemperature>24</MaxTemperature>
            </ElementValue>
          </Time>
        </WeatherElement>
        <WeatherElement>
          <ElementName>最低溫度</ElementName>
          <Time>
            <StartTime>2025-12-01T00:00:00+08:00</StartTime>
            <EndTime>2025-12-02T00:00:00+08:00</EndTime>
            <ElementValue>
              <MinTemperature>19</MinTemperature>
            </ElementValue>
          </Time>
          <Time>
            <StartTime>2025-12-02T00:00:00+08:00</StartTime>
            <EndTime>2025-12-03T00:00:00+08:00</EndTime>
            <ElementValue>
              <MinTemperature>19</MinTemperature>
            </ElementValue>
          </Time>
          <Time>
            <StartTime>2025-12-03T00:00:00+08:00</StartTime>
            <EndTime>2025-12-04T00:00:00+08:00</EndTime>
            <ElementValue>
              <MinTemperature>17</MinTemperature>
            </ElementValue>
          </Time>
          <Time>
            <StartTime>2025-12-04T00:00:00+08:00</StartTime>
            <EndTime>2025-12-05T00:00:00+08:00</EndTime>
            <ElementValue>
              <MinTemperature>16</MinTemperature>
            </ElementValue>
          </Time>
          <Time>
            <StartTime>2025-12-05T00:00:00+08:00</StartTime>
            <EndTime>2025-12-06T00:00:00+08:00</EndTime>
            <ElementValue>
              <MinTemperature>17</MinTemperature>
            </ElementValue>
          </Time>
          <Time>
            <StartTime>2025-12-06T00:00:00+08:00</StartTime>
            <EndTime>2025-12-07T00:00:00+08:00</EndTime>
            <ElementValue>
              <MinTemperature>17</MinTemperature>
            </ElementValue>
          </Time>
          <Time>
            <StartTime>2025-12-07T00:00:00+08:00</StartTime>
            <EndTime>2025-12-08T00:00:00+08:00</EndTime>
            <ElementValue>
              <MinTemperature>17</MinTemperature>
            </ElementValue>
          </Time>
        </WeatherElement>
        <WeatherElement>
          <ElementName>平均露點溫度</ElementName>
          <Time>
            <StartTime>2025-12-01T00:00:00+08:00</StartTime>
            <EndTime>2025-12-02T00:00:00+08:00</EndTime>
            <ElementValue>
              <DewPoint>18</DewPoint>
            </ElementValue>
          </Time>
          <Time>
            <StartTime>2025-12-02T00:00:00+08:00</StartTime>
            <EndTime>2025-12-03T00:00:00+08:00</EndTime>
            <ElementValue>
              <DewPoint>17</DewPoint>
            </ElementValue>
          </Time>
          <Time>
            <StartTime>2025-12-03T00:00:00+08:00</StartTime>
            <EndTime>2025-12-04T00:00:00+08:00</EndTime>
            <ElementValue>
              <DewPoint>13</DewPoint>
            </ElementValue>
          </Time>
          <Time>
            <StartTime>2025-12-04T00:00:00+08:00</StartTime>
            <EndTime>2025-12-05T00:00:00+08:00</EndTime>
            <ElementValue>
              <DewPoint>10</DewPoint>
            </ElementValue>
          </Time>
          <Time>
            <StartTime>2025-12-05T00:00:00+08:00</StartTime>
            <EndTime>2025-12-06T00:00:00+08:00</EndTime>
            <ElementValue>
              <DewPoint>12</DewPoint>
            </ElementValue>
          </Time>
          <Time>
            <StartTime>2025-12-06T00:00:00+08:00</StartTime>
            <EndTime>2025-12-07T00:00:00+08:00</EndTime>
            <ElementValue>
              <DewPoint>13</DewPoint>
            </ElementValue>
          </Time>
          <Time>
            <StartTime>2025-12-07T00:00:00+08:00</StartTime>
            <EndTime>2025-12-08T00:00:00+08:00</EndTime>
            <ElementValue>
              <DewPoint>14</DewPoint>
            </ElementValue>
          </Time>
        </WeatherElement>
        <WeatherElement>
          <ElementName>平均相對濕度</ElementName>
          <Time>
            <StartTime>2025-12-01T00:00:00+08:00</StartTime>
            <EndTime>2025-12-02T00:00:00+08:00</EndTime>
            <ElementValue>
              <RelativeHumidity>86</RelativeHumidity>
            </ElementValue>
          </Time>
          <Time>
            <StartTime>2025-12-02T00:00:00+08:00</StartTime>
            <EndTime>2025-12-03T00:00:00+08:00</EndTime>
            <ElementValue>
              <RelativeHumidity>81</RelativeHumidity>
            </ElementValue>
          </Time>
          <Time>
            <StartTime>2025-12-03T00:00:00+08:00</StartTime>
            <EndTime>2025-12-04T00:00:00+08:00</EndTime>
            <ElementValue>
              <RelativeHumidity>70</RelativeHumidity>
            </ElementValue>
          </Time>
          <Time>
            <StartTime>2025-12-04T00:00:00+08:00</StartTime>
            <EndTime>2025-12-05T00:00:00+08:00</EndTime>
            <ElementValue>
              <RelativeHumidity>63</RelativeHumidity>
            </ElementValue>
          </Time>
          <Time>
            <StartTime>2025-12-05T00:00:00+08:00</StartTime>
            <EndTime>2025-12-06T00:00:00+08:00</EndTime>
            <ElementValue>
              <RelativeHumidity>65</RelativeHumidity>
            </ElementValue>
          </Time>
          <Time>
            <StartTime>2025-12-06T00:00:00+08:00</StartTime>
            <EndTime>2025-12-07T00:00:00+08:00</EndTime>
            <ElementValue>
              <RelativeHumidity>68</RelativeHumidity>
            </ElementValue>
          </Time>
          <Time>
            <StartTime>2025-12-07T00:00:00+08:00</StartTime>
            <EndTime>2025-12-08T00:00:00+08:00</EndTime>
            <ElementValue>
              <RelativeHumidity>69</RelativeHumidity>
            </ElementValue>
          </Time>
        </WeatherElement>
        <WeatherElement>
          <ElementName>最高體感溫度</ElementName>
          <Time>
            <StartTime>2025-12-01T00:00:00+08:00</StartTime>
            <EndTime>2025-12-02T00:00:00+08:00</EndTime>
            <ElementValue>
              <MaxApparentTemperature>24</MaxApparentTemperature>
            </ElementValue>
          </Time>
          <Time>
            <StartTime>2025-12-02T00:00:00+08:00</StartTime>
            <EndTime>2025-12-03T00:00:00+08:00</EndTime>
            <ElementValue>
              <MaxApparentTemperature>22</MaxApparentTemperature>
            </ElementValue>
          </Time>
          <Time>
            <StartTime>2025-12-03T00:00:00+08:00</StartTime>
            <EndTime>2025-12-04T00:00:00+08:00</EndTime>
            <ElementValue>
              <MaxApparentTemperature>17</MaxApparentTemperature>
            </ElementValue>
          </Time>
          <Time>
            <StartTime>2025-12-04T00:00:00+08:00</StartTime>
            <EndTime>2025-12-05T00:00:00+08:00</EndTime>
            <ElementValue>
              <MaxApparentTemperature>15</MaxApparentTemperature>
            </ElementValue>
          </Time>
          <Time>
            <StartTime>2025-12-05T00:00:00+08:00</StartTime>
            <EndTime>2025-12-06T00:00:00+08:00</EndTime>
            <ElementValue>
              <MaxApparentTemperature>18</MaxApparentTemperature>
            </ElementValue>
          </Time>
          <Time>
            <StartTime>2025-12-06T00:00:00+08:00</StartTime>
            <EndTime>2025-12-07T00:00:00+08:00</EndTime>
            <ElementValue>
              <MaxApparentTemperature>24</MaxApparentTemperature>
            </ElementValue>
          </Time>
          <Time>
            <StartTime>2025-12-07T00:00:00+08:00</StartTime>
            <EndTime>2025-12-08T00:00:00+08:00</EndTime>
            <ElementValue>
              <MaxApparentTemperature>25</MaxApparentTemperature>
            </ElementValue>
          </Time>
        </WeatherElement>
        <WeatherElement>
          <ElementName>最低體感溫度</ElementName>
          <Time>
            <StartTime>2025-12-01T00:00:00+08:00</StartTime>
            <EndTime>2025-12-02T00:00:00+08:00</EndTime>
            <ElementValue>
              <MinApparentTemperature>19</MinApparentTemperature>
            </ElementValue>
          </Time>
          <Time>
            <StartTime>2025-12-02T00:00:00+08:00</StartTime>
            <EndTime>2025-12-03T00:00:00+08:00</EndTime>
            <ElementValue>
              <MinApparentTemperature>17</MinApparentTemperature>
            </ElementValue>
          </Time>
          <Time>
            <StartTime>2025-12-03T00:00:00+08:00</StartTime>
            <EndTime>2025-12-04T00:00:00+08:00</EndTime>
            <ElementValue>
              <MinApparentTemperature>11</MinApparentTemperature>
            </ElementValue>
          </Time>
          <Time>
            <StartTime>2025-12-04T00:00:00+08:00</StartTime>
            <EndTime>2025-12-05T00:00:00+08:00</EndTime>
            <ElementValue>
              <MinApparentTemperature>10</MinApparentTemperature>
            </ElementValue>
          </Time>
          <Time>
            <StartTime>2025-12-05T00:00:00+08:00</StartTime>
            <EndTime>2025-12-06T00:00:00+08:00</EndTime>
            <ElementValue>
              <MinApparentTemperature>14</MinApparentTemperature>
            </ElementValue>
          </Time>
          <Time>
            <StartTime>2025-12-06T00:00:00+08:00</StartTime>
            <EndTime>2025-12-07T00:00:00+08:00</EndTime>
            <ElementValue>
              <MinApparentTemperature>14</MinApparentTemperature>
            </ElementValue>
          </Time>
          <Time>
            <StartTime>2025-12-07T00:00:00+08:00</StartTime>
            <EndTime>2025-12-08T00:00:00+08:00</EndTime>
            <ElementValue>
              <MinApparentTemperature>16</MinApparentTemperature>
            </ElementValue>
          </Time>
        </WeatherElement>
        <WeatherElement>
          <ElementName>最大舒適度指數</ElementName>
          <Time>
            <StartTime>2025-12-01T00:00:00+08:00</StartTime>
            <EndTime>2025-12-02T00:00:00+08:00</EndTime>
            <ElementValue>
              <MaxComfortIndex>23</MaxComfortIndex>
              <MaxComfortIndexDescription>舒適</MaxComfortIndexDescription>
            </ElementValue>
          </Time>
          <Time>
            <StartTime>2025-12-02T00:00:00+08:00</StartTime>
            <EndTime>2025-12-03T00:00:00+08:00</EndTime>
            <ElementValue>
              <MaxComfortIndex>22</MaxComfortIndex>
              <MaxComfortIndexDescription>舒適</MaxComfortIndexDescription>
            </ElementValue>
          </Time>
          <Time>
            <StartTime>2025-12-03T00:00:00+08:00</StartTime>
            <EndTime>2025-12-04T00:00:00+08:00</EndTime>
            <ElementValue>
              <MaxComfortIndex>19</MaxComfortIndex>
              <MaxComfortIndexDescription>稍有寒意</MaxComfortIndexDescription>
            </ElementValue>
          </Time>
          <Time>
            <StartTime>2025-12-04T00:00:00+08:00</StartTime>
            <EndTime>2025-12-05T00:00:00+08:00</EndTime>
            <ElementValue>
              <MaxComfortIndex>18</MaxComfortIndex>
              <MaxComfortIndexDescription>稍有寒意</MaxComfortIndexDescription>
            </ElementValue>
          </Time>
          <Time>
            <StartTime>2025-12-05T00:00:00+08:00</StartTime>
            <EndTime>2025-12-06T00:00:00+08:00</EndTime>
            <ElementValue>
              <MaxComfortIndex>20</MaxComfortIndex>
              <MaxComfortIndexDescription>舒適</MaxComfortIndexDescription>
            </ElementValue>
          </Time>
          <Time>
            <StartTime>2025-12-06T00:00:00+08:00</StartTime>
            <EndTime>2025-12-07T00:00:00+08:00</EndTime>
            <ElementValue>
              <MaxComfortIndex>21</MaxComfortIndex>
              <MaxComfortIndexDescription>舒適</MaxComfortIndexDescription>
            </ElementValue>
          </Time>
          <Time>
            <StartTime>2025-12-07T00:00:00+08:00</StartTime>
            <EndTime>2025-12-08T00:00:00+08:00</EndTime>
            <ElementValue>
              <MaxComfortIndex>21</MaxComfortIndex>
              <MaxComfortIndexDescription>舒適</MaxComfortIndexDescription>
            </ElementValue>
          </Time>
        </WeatherElement>
        <WeatherElement>
          <ElementName>最小舒適度指數</ElementName>
          <Time>
            <StartTime>2025-12-01T00:00:00+08:00</StartTime>
            <EndTime>2025-12-02T00:00:00+08:00</EndTime>
            <ElementValue>
              <MinComfortIndex>18</MinComfortIndex>
              <MinComfortIndexDescription>稍有寒意</MinComfortIndexDescription>
            </ElementValue>
          </Time>
          <Time>
            <StartTime>2025-12-02T00:00:00+08:00</StartTime>
            <EndTime>2025-12-03T00:00:00+08:00</EndTime>
            <ElementValue>
              <MinComfortIndex>19</MinComfortIndex>
              <MinComfortIndexDescription>稍有寒意</MinComfortIndexDescription>
            </ElementValue>
          </Time>
          <Time>
            <StartTime>2025-12-03T00:00:00+08:00</StartTime>
            <EndTime>2025-12-04T00:00:00+08:00</EndTime>
            <ElementValue>
              <MinComfortIndex>16</MinComfortIndex>
              <MinComfortIndexDescription>稍有寒意</MinComfortIndexDescription>
            </ElementValue>
          </Time>
          <Time>
            <StartTime>2025-12-04T00:00:00+08:00</StartTime>
            <EndTime>2025-12-05T00:00:00+08:00</EndTime>
            <ElementValue>
              <MinComfortIndex>16</MinComfortIndex>
              <MinComfortIndexDescription>稍有寒意</MinComfortIndexDescription>
            </ElementValue>
          </Time>
          <Time>
            <StartTime>2025-12-05T00:00:00+08:00</StartTime>
            <EndTime>2025-12-06T00:00:00+08:00</EndTime>
            <ElementValue>
              <MinComfortIndex>16</MinComfortIndex>
              <MinComfortIndexDescription>稍有寒意</MinComfortIndexDescription>
            </ElementValue>
          </Time>
          <Time>
            <StartTime>2025-12-06T00:00:00+08:00</StartTime>
            <EndTime>2025-12-07T00:00:00+08:00</EndTime>
            <ElementValue>
              <MinComfortIndex>17</MinComfortIndex>
              <MinComfortIndexDescription>稍有寒意</MinComfortIndexDescription>
            </ElementValue>
          </Time>
          <Time>
            <StartTime>2025-12-07T00:00:00+08:00</StartTime>
            <EndTime>2025-12-08T00:00:00+08:00</EndTime>
            <ElementValue>
              <MinComfortIndex>17</MinComfortIndex>
              <MinComfortIndexDescription>稍有寒意</MinComfortIndexDescription>
            </ElementValue>
          </Time>
        </WeatherElement>
        <WeatherElement>
          <ElementName>風速</ElementName>
          <Time>
            <StartTime>2025-12-01T00:00:00+08:00</StartTime>
            <EndTime>2025-12-02T00:00:00+08:00</EndTime>
            <ElementValue>
              <WindSpeed>7</WindSpeed>
              <BeaufortScale>4</BeaufortScale>
            </ElementValue>
          </Time>
          <Time>
            <StartTime>2025-12-02T00:00:00+08:00</StartTime>
            <EndTime>2025-12-03T00:00:00+08:00</EndTime>
            <ElementValue>
              <WindSpeed>7</WindSpeed>
              <BeaufortScale>4</BeaufortScale>
            </ElementValue>
          </Time>
          <Time>
            <StartTime>2025-12-03T00:00:00+08:00</StartTime>
            <EndTime>2025-12-04T00:00:00+08:00</EndTime>
            <ElementValue>
              <WindSpeed>&gt;= 11</WindSpeed>
              <BeaufortScale>&gt;= 6</BeaufortScale>
            </ElementValue>
          </Time>
          <Time>
            <StartTime>2025-12-04T00:00:00+08:00</StartTime>
            <EndTime>2025-12-05T00:00:00+08:00</EndTime>
            <ElementValue>
              <WindSpeed>&gt;= 11</WindSpeed>
              <BeaufortScale>&gt;= 6</BeaufortScale>
            </ElementValue>
          </Time>
          <Time>
            <StartTime>2025-12-05T00:00:00+08:00</StartTime>
            <EndTime>2025-12-06T00:00:00+08:00</EndTime>
            <ElementValue>
              <WindSpeed>8</WindSpeed>
              <BeaufortScale>5</BeaufortScale>
            </ElementValue>
          </Time>
          <Time>
            <StartTime>2025-12-06T00:00:00+08:00</StartTime>
            <EndTime>2025-12-07T00:00:00+08:00</EndTime>
            <ElementValue>
              <WindSpeed>8</WindSpeed>
              <BeaufortScale>5</BeaufortScale>
            </ElementValue>
          </Time>
          <Time>
            <StartTime>2025-12-07T00:00:00+08:00</StartTime>
            <EndTime>2025-12-08T00:00:00+08:00</EndTime>
            <ElementValue>
              <WindSpeed>7</WindSpeed>
              <BeaufortScale>4</BeaufortScale>
            </ElementValue>
          </Time>
        </WeatherElement>
        <WeatherElement>
          <ElementName>風向</ElementName>
          <Time>
            <StartTime>2025-12-01T00:00:00+08:00</StartTime>
            <EndTime>2025-12-02T00:00:00+08:00</EndTime>
            <ElementValue>
              <WindDirection>東北風</WindDirection>
            </ElementValue>
          </Time>
          <Time>
            <StartTime>2025-12-02T00:00:00+08:00</StartTime>
            <EndTime>2025-12-03T00:00:00+08:00</EndTime>
            <ElementValue>
              <WindDirection>東北風</WindDirection>
            </ElementValue>
          </Time>
          <Time>
            <StartTime>2025-12-03T00:00:00+08:00</StartTime>
            <EndTime>2025-12-04T00:00:00+08:00</EndTime>
            <ElementValue>
              <WindDirection>東北風</WindDirection>
            </ElementValue>
          </Time>
          <Time>
            <StartTime>2025-12-04T00:00:00+08:00</StartTime>
            <EndTime>2025-12-05T00:00:00+08:00</EndTime>
            <ElementValue>
              <WindDirection>東北風</WindDirection>
            </ElementValue>
          </Time>
          <Time>
            <StartTime>2025-12-05T00:00:00+08:00</StartTime>
            <EndTime>2025-12-06T00:00:00+08:00</EndTime>
            <ElementValue>
              <WindDirection>東北風</WindDirection>
            </ElementValue>
          </Time>
          <Time>
            <StartTime>2025-12-06T00:00:00+08:00</StartTime>
            <EndTime>2025-12-07T00:00:00+08:00</EndTime>
            <ElementValue>
              <WindDirection>東北風</WindDirection>
            </ElementValue>
          </Time>
          <Time>
            <StartTime>2025-12-07T00:00:00+08:00</StartTime>
            <EndTime>2025-12-08T00:00:00+08:00</EndTime>
            <ElementValue>
              <WindDirection>偏東風</WindDirection>
            </ElementValue>
          </Time>
        </WeatherElement>
        <WeatherElement>
          <ElementName>24小時降雨機率</ElementName>
          <Time>
            <StartTime>2025-12-01T00:00:00+08:00</StartTime>
            <EndTime>2025-12-02T00:00:00+08:00</EndTime>
            <ElementValue>
              <ProbabilityOfPrecipitation>20</ProbabilityOfPrecipitation>
            </ElementValue>
          </Time>
          <Time>
            <StartTime>2025-12-02T00:00:00+08:00</StartTime>
            <EndTime>2025-12-03T00:00:00+08:00</EndTime>
            <ElementValue>
              <ProbabilityOfPrecipitation>10</ProbabilityOfPrecipitation>
            </ElementValue>
          </Time>
          <Time>
            <StartTime>2025-12-03T00:00:00+08:00</StartTime>
            <EndTime>2025-12-04T00:00:00+08:00</EndTime>
            <ElementValue>
              <ProbabilityOfPrecipitation>30</ProbabilityOfPrecipitation>
            </ElementValue>
          </Time>
          <Time>
            <StartTime>2025-12-04T00:00:00+08:00</StartTime>
            <EndTime>2025-12-05T00:00:00+08:00</EndTime>
            <ElementValue>
              <ProbabilityOfPrecipitation>-</ProbabilityOfPrecipitation>
            </ElementValue>
          </Time>
          <Time>
            <StartTime>2025-12-05T00:00:00+08:00</StartTime>
            <EndTime>2025-12-06T00:00:00+08:00</EndTime>
            <ElementValue>
              <ProbabilityOfPrecipitation>-</ProbabilityOfPrecipitation>
            </ElementValue>
          </Time>
          <Time>
            <StartTime>2025-12-06T00:00:00+08:00</StartTime>
            <EndTime>2025-12-07T00:00:00+08:00</EndTime>
            <ElementValue>
              <ProbabilityOfPrecipitation>-</ProbabilityOfPrecipitation>
            </ElementValue>
          </Time>
          <Time>
            <StartTime>2025-12-07T00:00:00+08:00</StartTime>
            <EndTime>2025-12-08T00:00:00+08:00</EndTime>
            <ElementValue>
              <ProbabilityOfPrecipitation>-</ProbabilityOfPrecipitation>
            </ElementValue>
          </Time>
        </WeatherElement>
        <WeatherElement>
          <ElementName>天氣現象</ElementName>
          <Time>
            <StartTime>2025-12-01T00:00:00+08:00</StartTime>
            <EndTime>2025-12-02T00:00:00+08:00</EndTime>
            <ElementValue>
              <Weather>多雲時晴</Weather>
              <WeatherCode>03</WeatherCode>
            </ElementValue>
          </Time>
          <Time>
            <StartTime>2025-12-02T00:00:00+08:00</StartTime>
            <EndTime>2025-12-03T00:00:00+08:00</EndTime>
            <ElementValue>
              <Weather>多雲</Weather>
              <WeatherCode>04</WeatherCode>
            </ElementValue>
          </Time>
          <Time>
            <StartTime>2025-12-03T00:00:00+08:00</StartTime>
            <EndTime>2025-12-04T00:00:00+08:00</EndTime>
            <ElementValue>
              <Weather>陰短暫雨</Weather>
              <WeatherCode>11</WeatherCode>
            </ElementValue>
          </Time>
          <Time>
            <StartTime>2025-12-04T00:00:00+08:00</StartTime>
            <EndTime>2025-12-05T00:00:00+08:00</EndTime>
            <ElementValue>
              <Weather>多雲</Weather>
              <WeatherCode>04</WeatherCode>
            </ElementValue>
          </Time>
          <Time>
            <StartTime>2025-12-05T00:00:00+08:00</StartTime>
            <EndTime>2025-12-06T00:00:00+08:00</EndTime>
            <ElementValue>
              <Weather>多雲</Weather>
              <WeatherCode>04</WeatherCode>
            </ElementValue>
          </Time>
          <Time>
            <StartTime>2025-12-06T00:00:00+08:00</StartTime>
            <EndTime>2025-12-07T00:00:00+08:00</EndTime>
            <ElementValue>
              <Weather>晴時多雲</Weather>
              <WeatherCode>02</WeatherCode>
            </ElementValue>
          </Time>
          <Time>
            <StartTime>2025-12-07T00:00:00+08:00</StartTime>
            <EndTime>2025-12-08T00:00:00+08:00</EndTime>
            <ElementValue>
              <Weather>晴時多雲</Weather>
              <WeatherCode>02</WeatherCode>
            </ElementValue>
          </Time>
        </WeatherElement>
        <WeatherElement>
          <ElementName>紫外線指數</ElementName>
          <Time>
            <StartTime>2025-12-01T00:00:00+08:00</StartTime>
            <EndTime>2025-12-02T00:00:00+08:00</EndTime>
            <ElementValue>
              <UVIndex>4</UVIndex>
              <UVExposureLevel>中量級</UVExposureLevel>
            </ElementValue>
          </Time>
          <Time>
            <StartTime>2025-12-02T00:00:00+08:00</StartTime>
            <EndTime>2025-12-03T00:00:00+08:00</EndTime>
            <ElementValue>
              <UVIndex>4</UVIndex>
              <UVExposureLevel>中量級</UVExposureLevel>
            </ElementValue>
          </Time>
          <Time>
            <StartTime>2025-12-03T00:00:00+08:00</StartTime>
            <EndTime>2025-12-04T00:00:00+08:00</EndTime>
            <ElementValue>
              <UVIndex>2</UVIndex>
              <UVExposureLevel>低量級</UVExposureLevel>
            </ElementValue>
          </Time>
          <Time>
            <StartTime>2025-12-04T00:00:00+08:00</StartTime>
            <EndTime>2025-12-05T00:00:00+08:00</EndTime>
            <ElementValue>
              <UVIndex>3</UVIndex>
              <UVExposureLevel>中量級</UVExposureLevel>
            </ElementValue>
          </Time>
          <Time>
            <StartTime>2025-12-05T00:00:00+08:00</StartTime>
            <EndTime>2025-12-06T00:00:00+08:00</EndTime>
            <ElementValue>
              <UVIndex>4</UVIndex>
              <UVExposureLevel>中量級</UVExposureLevel>
            </ElementValue>
          </Time>
          <Time>
            <StartTime>2025-12-06T00:00:00+08:00</StartTime>
            <EndTime>2025-12-07T00:00:00+08:00</EndTime>
            <ElementValue>
              <UVIndex>5</UVIndex>
              <UVExposureLevel>中量級</UVExposureLevel>
            </ElementValue>
          </Time>
          <Time>
            <StartTime>2025-12-07T00:00:00+08:00</StartTime>
            <EndTime>2025-12-08T00:00:00+08:00</EndTime>
            <ElementValue>
              <UVIndex>5</UVIndex>
              <UVExposureLevel>中量級</UVExposureLevel>
            </ElementValue>
          </Time>
        </WeatherElement>
        <WeatherElement>
          <ElementName>天氣預報綜合描述</ElementName>
          <Time>
            <StartTime>2025-12-01T00:00:00+08:00</StartTime>
            <EndTime>2025-12-02T00:00:00+08:00</EndTime>
            <ElementValue>
              <WeatherDescription>多雲時晴。降雨機率20%。溫度攝氏19至24度。稍有寒意至舒適。東北風 風速4級(每秒7公尺)。相對濕度86%。</WeatherDescription>
            </ElementValue>
          </Time>
          <Time>
            <StartTime>2025-12-02T00:00:00+08:00</StartTime>
            <EndTime>2025-12-03T00:00:00+08:00</EndTime>
            <ElementValue>
              <WeatherDescription>多雲。降雨機率10%。溫度攝氏19至24度。稍有寒意至舒適。東北風 風速4級(每秒7公尺)。相對濕度81%。</WeatherDescription>
            </ElementValue>
          </Time>
          <Time>
            <StartTime>2025-12-03T00:00:00+08:00</StartTime>
            <EndTime>2025-12-04T00:00:00+08:00</EndTime>
            <ElementValue>
              <WeatherDescription>陰短暫雨。降雨機率30%。溫度攝氏17至20度。稍有寒意。東北風 風速&gt;= 6級(每秒&gt;= 11公尺)。相對濕度70%。</WeatherDescription>
            </ElementValue>
          </Time>
          <Time>
            <StartTime>2025-12-04T00:00:00+08:00</StartTime>
            <EndTime>2025-12-05T00:00:00+08:00</EndTime>
            <ElementValue>
              <WeatherDescription>多雲。溫度攝氏16至19度。稍有寒意。東北風 風速&gt;= 6級(每秒&gt;= 11公尺)。相對濕度63%。</WeatherDescription>
            </ElementValue>
          </Time>
          <Time>
            <StartTime>2025-12-05T00:00:00+08:00</StartTime>
            <EndTime>2025-12-06T00:00:00+08:00</EndTime>
            <ElementValue>
              <WeatherDescription>多雲。溫度攝氏17至22度。稍有寒意至舒適。東北風 風速5級(每秒8公尺)。相對濕度65%。</WeatherDescription>
            </ElementValue>
          </Time>
          <Time>
            <StartTime>2025-12-06T00:00:00+08:00</StartTime>
            <EndTime>2025-12-07T00:00:00+08:00</EndTime>
            <ElementValue>
              <WeatherDescription>晴時多雲。溫度攝氏17至23度。稍有寒意至舒適。東北風 風速5級(每秒8公尺)。相對濕度68%。</WeatherDescription>
            </ElementValue>
          </Time>
          <Time>
            <StartTime>2025-12-07T00:00:00+08:00</StartTime>
            <EndTime>2025-12-08T00:00:00+08:00</EndTime>
            <ElementValue>
              <WeatherDescription>晴時多雲。溫度攝氏17至24度。稍有寒意至舒適。偏東風 風速4級(每秒7公尺)。相對濕度69%。</WeatherDescription>
            </ElementValue>
          </Time>
        </WeatherElement>
      </Location>
      <Location>
        <LocationName>北區</LocationName>
        <Geocode>10018020</Geocode>
        <Latitude>24.818109</Latitude>
        <Longitude>120.96211</Longitude>
        <WeatherElement>
          <ElementName>平均溫度</ElementName>
          <Time>
            <StartTime>2025-12-01T00:00:00+08:00</StartTime>
            <EndTime>2025-12-02T00:00:00+08:00</EndTime>
            <ElementValue>
              <Temperature>21</Temperature>
            </ElementValue>
          </Time>
          <Time>
            <StartTime>2025-12-02T00:00:00+08:00</StartTime>
            <EndTime>2025-12-03T00:00:00+08:00</EndTime>
            <ElementValue>
              <Temperature>21</Temperature>
            </ElementValue>
          </Time>
          <Time>
            <StartTime>2025-12-03T00:00:00+08:00</StartTime>
            <EndTime>2025-12-04T00:00:00+08:00</EndTime>
            <ElementValue>
              <Temperature>18</Temperature>
            </ElementValue>
          </Time>
          <Time>
            <StartTime>2025-12-04T00:00:00+08:00</StartTime>
            <EndTime>2025-12-05T00:00:00+08:00</EndTime>
            <ElementValue>
              <Temperature>18</Temperature>
            </ElementValue>
          </Time>
          <Time>
            <StartTime>2025-12-05T00:00:00+08:00</StartTime>
            <EndTime>2025-12-06T00:00:00+08:00</EndTime>
            <ElementValue>
              <Temperature>19</Temperature>
            </ElementValue>
          </Time>
          <Time>
            <StartTime>2025-12-06T00:00:00+08:00</StartTime>
            <EndTime>2025-12-07T00:00:00+08:00</EndTime>
            <ElementValue>
              <Temperature>20</Temperature>
            </ElementValue>
          </Time>
          <Time>
            <StartTime>2025-12-07T00:00:00+08:00</StartTime>
            <EndTime>2025-12-08T00:00:00+08:00</EndTime>
            <ElementValue>
              <Temperature>20</Temperature>
            </ElementValue>
          </Time>
        </WeatherElement>
        <WeatherElement>
          <ElementName>最高溫度</ElementName>
          <Time>
            <StartTime>2025-12-01T00:00:00+08:00</StartTime>
            <EndTime>2025-12-02T00:00:00+08:00</EndTime>
            <ElementValue>
              <MaxTemperature>24</MaxTemperature>
            </ElementValue>
          </Time>
          <Time>
            <StartTime>2025-12-02T00:00:00+08:00</StartTime>
            <EndTime>2025-12-03T00:00:00+08:00</EndTime>
            <ElementValue>
              <MaxTemperature>23</MaxTemperature>
            </ElementValue>
          </Time>
          <Time>
            <StartTime>2025-12-03T00:00:00+08:00</StartTime>
            <EndTime>2025-12-04T00:00:00+08:00</EndTime>
            <ElementValue>
              <MaxTemperature>20</MaxTemperature>
            </ElementValue>
          </Time>
          <Time>
            <StartTime>2025-12-04T00:00:00+08:00</StartTime>
            <EndTime>2025-12-05T00:00:00+08:00</EndTime>
            <ElementValue>
              <MaxTemperature>19</MaxTemperature>
            </ElementValue>
          </Time>
          <Time>
            <StartTime>2025-12-05T00:00:00+08:00</StartTime>
            <EndTime>2025-12-06T00:00:00+08:00</EndTime>
            <ElementValue>
              <MaxTemperature>22</MaxTemperature>
            </ElementValue>
          </Time>
          <Time>
            <StartTime>2025-12-06T00:00:00+08:00</StartTime>
            <EndTime>2025-12-07T00:00:00+08:00</EndTime>
            <ElementValue>
              <MaxTemperature>23</MaxTemperature>
            </ElementValue>
          </Time>
          <Time>
            <StartTime>2025-12-07T00:00:00+08:00</StartTime>
            <EndTime>2025-12-08T00:00:00+08:00</EndTime>
            <ElementValue>
              <MaxTemperature>23</MaxTemperature>
            </ElementValue>
          </Time>
        </WeatherElement>
        <WeatherElement>
          <ElementName>最低溫度</ElementName>
          <Time>
            <StartTime>2025-12-01T00:00:00+08:00</StartTime>
            <EndTime>2025-12-02T00:00:00+08:00</EndTime>
            <ElementValue>
              <MinTemperature>19</MinTemperature>
            </ElementValue>
          </Time>
          <Time>
            <StartTime>2025-12-02T00:00:00+08:00</StartTime>
            <EndTime>2025-12-03T00:00:00+08:00</EndTime>
            <ElementValue>
              <MinTemperature>19</MinTemperature>
            </ElementValue>
          </Time>
          <Time>
            <StartTime>2025-12-03T00:00:00+08:00</StartTime>
            <EndTime>2025-12-04T00:00:00+08:00</EndTime>
            <ElementValue>
              <MinTemperature>17</MinTemperature>
            </ElementValue>
          </Time>
          <Time>
            <StartTime>2025-12-04T00:00:00+08:00</StartTime>
            <EndTime>2025-12-05T00:00:00+08:00</EndTime>
            <ElementValue>
              <MinTemperature>16</MinTemperature>
            </ElementValue>
          </Time>
          <Time>
            <StartTime>2025-12-05T00:00:00+08:00</StartTime>
            <EndTime>2025-12-06T00:00:00+08:00</EndTime>
            <ElementValue>
              <MinTemperature>17</MinTemperature>
            </ElementValue>
          </Time>
          <Time>
            <StartTime>2025-12-06T00:00:00+08:00</StartTime>
            <EndTime>2025-12-07T00:00:00+08:00</EndTime>
            <ElementValue>
              <MinTemperature>17</MinTemperature>
            </ElementValue>
          </Time>
          <Time>
            <StartTime>2025-12-07T00:00:00+08:00</StartTime>
            <EndTime>2025-12-08T00:00:00+08:00</EndTime>
            <ElementValue>
              <MinTemperature>17</MinTemperature>
            </ElementValue>
          </Time>
        </WeatherElement>
        <WeatherElement>
          <ElementName>平均露點溫度</ElementName>
          <Time>
            <StartTime>2025-12-01T00:00:00+08:00</StartTime>
            <EndTime>2025-12-02T00:00:00+08:00</EndTime>
            <ElementValue>
              <DewPoint>18</DewPoint>
            </ElementValue>
          </Time>
          <Time>
            <StartTime>2025-12-02T00:00:00+08:00</StartTime>
            <EndTime>2025-12-03T00:00:00+08:00</EndTime>
            <ElementValue>
              <DewPoint>17</DewPoint>
            </ElementValue>
          </Time>
          <Time>
            <StartTime>2025-12-03T00:00:00+08:00</StartTime>
            <EndTime>2025-12-04T00:00:00+08:00</EndTime>
            <ElementValue>
              <DewPoint>13</DewPoint>
            </ElementValue>
          </Time>
          <Time>
            <StartTime>2025-12-04T00:00:00+08:00</StartTime>
            <EndTime>2025-12-05T00:00:00+08:00</EndTime>
            <ElementValue>
              <DewPoint>11</DewPoint>
            </ElementValue>
          </Time>
          <Time>
            <StartTime>2025-12-05T00:00:00+08:00</StartTime>
            <EndTime>2025-12-06T00:00:00+08:00</EndTime>
            <ElementValue>
              <DewPoint>12</DewPoint>
            </ElementValue>
          </Time>
          <Time>
            <StartTime>2025-12-06T00:00:00+08:00</StartTime>
            <EndTime>2025-12-07T00:00:00+08:00</EndTime>
            <ElementValue>
              <DewPoint>14</DewPoint>
            </ElementValue>
          </Time>
          <Time>
            <StartTime>2025-12-07T00:00:00+08:00</StartTime>
            <EndTime>2025-12-08T00:00:00+08:00</EndTime>
            <ElementValue>
              <DewPoint>14</DewPoint>
            </ElementValue>
          </Time>
        </WeatherElement>
        <WeatherElement>
          <ElementName>平均相對濕度</ElementName>
          <Time>
            <StartTime>2025-12-01T00:00:00+08:00</StartTime>
            <EndTime>2025-12-02T00:00:00+08:00</EndTime>
            <ElementValue>
              <RelativeHumidity>86</RelativeHumidity>
            </ElementValue>
          </Time>
          <Time>
            <StartTime>2025-12-02T00:00:00+08:00</StartTime>
            <EndTime>2025-12-03T00:00:00+08:00</EndTime>
            <ElementValue>
              <RelativeHumidity>82</RelativeHumidity>
            </ElementValue>
          </Time>
          <Time>
            <StartTime>2025-12-03T00:00:00+08:00</StartTime>
            <EndTime>2025-12-04T00:00:00+08:00</EndTime>
            <ElementValue>
              <RelativeHumidity>71</RelativeHumidity>
            </ElementValue>
          </Time>
          <Time>
            <StartTime>2025-12-04T00:00:00+08:00</StartTime>
            <EndTime>2025-12-05T00:00:00+08:00</EndTime>
            <ElementValue>
              <RelativeHumidity>64</RelativeHumidity>
            </ElementValue>
          </Time>
          <Time>
            <StartTime>2025-12-05T00:00:00+08:00</StartTime>
            <EndTime>2025-12-06T00:00:00+08:00</EndTime>
            <ElementValue>
              <RelativeHumidity>66</RelativeHumidity>
            </ElementValue>
          </Time>
          <Time>
            <StartTime>2025-12-06T00:00:00+08:00</StartTime>
            <EndTime>2025-12-07T00:00:00+08:00</EndTime>
            <ElementValue>
              <RelativeHumidity>69</RelativeHumidity>
            </ElementValue>
          </Time>
          <Time>
            <StartTime>2025-12-07T00:00:00+08:00</StartTime>
            <EndTime>2025-12-08T00:00:00+08:00</EndTime>
            <ElementValue>
              <RelativeHumidity>71</RelativeHumidity>
            </ElementValue>
          </Time>
        </WeatherElement>
        <WeatherElement>
          <ElementName>最高體感溫度</ElementName>
          <Time>
            <StartTime>2025-12-01T00:00:00+08:00</StartTime>
            <EndTime>2025-12-02T00:00:00+08:00</EndTime>
            <ElementValue>
              <MaxApparentTemperature>23</MaxApparentTemperature>
            </ElementValue>
          </Time>
          <Time>
            <StartTime>2025-12-02T00:00:00+08:00</StartTime>
            <EndTime>2025-12-03T00:00:00+08:00</EndTime>
            <ElementValue>
              <MaxApparentTemperature>21</MaxApparentTemperature>
            </ElementValue>
          </Time>
          <Time>
            <StartTime>2025-12-03T00:00:00+08:00</StartTime>
            <EndTime>2025-12-04T00:00:00+08:00</EndTime>
            <ElementValue>
              <MaxApparentTemperature>17</MaxApparentTemperature>
            </ElementValue>
          </Time>
          <Time>
            <StartTime>2025-12-04T00:00:00+08:00</StartTime>
            <EndTime>2025-12-05T00:00:00+08:00</EndTime>
            <ElementValue>
              <MaxApparentTemperature>15</MaxApparentTemperature>
            </ElementValue>
          </Time>
          <Time>
            <StartTime>2025-12-05T00:00:00+08:00</StartTime>
            <EndTime>2025-12-06T00:00:00+08:00</EndTime>
            <ElementValue>
              <MaxApparentTemperature>18</MaxApparentTemperature>
            </ElementValue>
          </Time>
          <Time>
            <StartTime>2025-12-06T00:00:00+08:00</StartTime>
            <EndTime>2025-12-07T00:00:00+08:00</EndTime>
            <ElementValue>
              <MaxApparentTemperature>23</MaxApparentTemperature>
            </ElementValue>
          </Time>
          <Time>
            <StartTime>2025-12-07T00:00:00+08:00</StartTime>
            <EndTime>2025-12-08T00:00:00+08:00</EndTime>
            <ElementValue>
              <MaxApparentTemperature>25</MaxApparentTemperature>
            </ElementValue>
          </Time>
        </WeatherElement>
        <WeatherElement>
          <ElementName>最低體感溫度</ElementName>
          <Time>
            <StartTime>2025-12-01T00:00:00+08:00</StartTime>
            <EndTime>2025-12-02T00:00:00+08:00</EndTime>
            <ElementValue>
              <MinApparentTemperature>19</MinApparentTemperature>
            </ElementValue>
          </Time>
          <Time>
            <StartTime>2025-12-02T00:00:00+08:00</StartTime>
            <EndTime>2025-12-03T00:00:00+08:00</EndTime>
            <ElementValue>
              <MinApparentTemperature>17</MinApparentTemperature>
            </ElementValue>
          </Time>
          <Time>
            <StartTime>2025-12-03T00:00:00+08:00</StartTime>
            <EndTime>2025-12-04T00:00:00+08:00</EndTime>
            <ElementValue>
              <MinApparentTemperature>10</MinApparentTemperature>
            </ElementValue>
          </Time>
          <Time>
            <StartTime>2025-12-04T00:00:00+08:00</StartTime>
            <EndTime>2025-12-05T00:00:00+08:00</EndTime>
            <ElementValue>
              <MinApparentTemperature>10</MinApparentTemperature>
            </ElementValue>
          </Time>
          <Time>
            <StartTime>2025-12-05T00:00:00+08:00</StartTime>
            <EndTime>2025-12-06T00:00:00+08:00</EndTime>
            <ElementValue>
              <MinApparentTemperature>13</MinApparentTemperature>
            </ElementValue>
          </Time>
          <Time>
            <StartTime>2025-12-06T00:00:00+08:00</StartTime>
            <EndTime>2025-12-07T00:00:00+08:00</EndTime>
            <ElementValue>
              <MinApparentTemperature>14</MinApparentTemperature>
            </ElementValue>
          </Time>
          <Time>
            <StartTime>2025-12-07T00:00:00+08:00</StartTime>
            <EndTime>2025-12-08T00:00:00+08:00</EndTime>
            <ElementValue>
              <MinApparentTemperature>16</MinApparentTemperature>
            </ElementValue>
          </Time>
        </WeatherElement>
        <WeatherElement>
          <ElementName>最大舒適度指數</ElementName>
          <Time>
            <StartTime>2025-12-01T00:00:00+08:00</StartTime>
            <EndTime>2025-12-02T00:00:00+08:00</EndTime>
            <ElementValue>
              <MaxComfortIndex>23</MaxComfortIndex>
              <MaxComfortIndexDescription>舒適</MaxComfortIndexDescription>
            </ElementValue>
          </Time>
          <Time>
            <StartTime>2025-12-02T00:00:00+08:00</StartTime>
            <EndTime>2025-12-03T00:00:00+08:00</EndTime>
            <ElementValue>
              <MaxComfortIndex>22</MaxComfortIndex>
              <MaxComfortIndexDescription>舒適</MaxComfortIndexDescription>
            </ElementValue>
          </Time>
          <Time>
            <StartTime>2025-12-03T00:00:00+08:00</StartTime>
            <EndTime>2025-12-04T00:00:00+08:00</EndTime>
            <ElementValue>
              <MaxComfortIndex>19</MaxComfortIndex>
              <MaxComfortIndexDescription>稍有寒意</MaxComfortIndexDescription>
            </ElementValue>
          </Time>
          <Time>
            <StartTime>2025-12-04T00:00:00+08:00</StartTime>
            <EndTime>2025-12-05T00:00:00+08:00</EndTime>
            <ElementValue>
              <MaxComfortIndex>18</MaxComfortIndex>
              <MaxComfortIndexDescription>稍有寒意</MaxComfortIndexDescription>
            </ElementValue>
          </Time>
          <Time>
            <StartTime>2025-12-05T00:00:00+08:00</StartTime>
            <EndTime>2025-12-06T00:00:00+08:00</EndTime>
            <ElementValue>
              <MaxComfortIndex>20</MaxComfortIndex>
              <MaxComfortIndexDescription>舒適</MaxComfortIndexDescription>
            </ElementValue>
          </Time>
          <Time>
            <StartTime>2025-12-06T00:00:00+08:00</StartTime>
            <EndTime>2025-12-07T00:00:00+08:00</EndTime>
            <ElementValue>
              <MaxComfortIndex>21</MaxComfortIndex>
              <MaxComfortIndexDescription>舒適</MaxComfortIndexDescription>
            </ElementValue>
          </Time>
          <Time>
            <StartTime>2025-12-07T00:00:00+08:00</StartTime>
            <EndTime>2025-12-08T00:00:00+08:00</EndTime>
            <ElementValue>
              <MaxComfortIndex>21</MaxComfortIndex>
              <MaxComfortIndexDescription>舒適</MaxComfortIndexDescription>
            </ElementValue>
          </Time>
        </WeatherElement>
        <WeatherElement>
          <ElementName>最小舒適度指數</ElementName>
          <Time>
            <StartTime>2025-12-01T00:00:00+08:00</StartTime>
            <EndTime>2025-12-02T00:00:00+08:00</EndTime>
            <ElementValue>
              <MinComfortIndex>18</MinComfortIndex>
              <MinComfortIndexDescription>稍有寒意</MinComfortIndexDescription>
            </ElementValue>
          </Time>
          <Time>
            <StartTime>2025-12-02T00:00:00+08:00</StartTime>
            <EndTime>2025-12-03T00:00:00+08:00</EndTime>
            <ElementValue>
              <MinComfortIndex>19</MinComfortIndex>
              <MinComfortIndexDescription>稍有寒意</MinComfortIndexDescription>
            </ElementValue>
          </Time>
          <Time>
            <StartTime>2025-12-03T00:00:00+08:00</StartTime>
            <EndTime>2025-12-04T00:00:00+08:00</EndTime>
            <ElementValue>
              <MinComfortIndex>16</MinComfortIndex>
              <MinComfortIndexDescription>稍有寒意</MinComfortIndexDescription>
            </ElementValue>
          </Time>
          <Time>
            <StartTime>2025-12-04T00:00:00+08:00</StartTime>
            <EndTime>2025-12-05T00:00:00+08:00</EndTime>
            <ElementValue>
              <MinComfortIndex>16</MinComfortIndex>
              <MinComfortIndexDescription>稍有寒意</MinComfortIndexDescription>
            </ElementValue>
          </Time>
          <Time>
            <StartTime>2025-12-05T00:00:00+08:00</StartTime>
            <EndTime>2025-12-06T00:00:00+08:00</EndTime>
            <ElementValue>
              <MinComfortIndex>16</MinComfortIndex>
              <MinComfortIndexDescription>稍有寒意</MinComfortIndexDescription>
            </ElementValue>
          </Time>
          <Time>
            <StartTime>2025-12-06T00:00:00+08:00</StartTime>
            <EndTime>2025-12-07T00:00:00+08:00</EndTime>
            <ElementValue>
              <MinComfortIndex>17</MinComfortIndex>
              <MinComfortIndexDescription>稍有寒意</MinComfortIndexDescription>
            </ElementValue>
          </Time>
          <Time>
            <StartTime>2025-12-07T00:00:00+08:00</StartTime>
            <EndTime>2025-12-08T00:00:00+08:00</EndTime>
            <ElementValue>
              <MinComfortIndex>17</MinComfortIndex>
              <MinComfortIndexDescription>稍有寒意</MinComfortIndexDescription>
            </ElementValue>
          </Time>
        </WeatherElement>
        <WeatherElement>
          <ElementName>風速</ElementName>
          <Time>
            <StartTime>2025-12-01T00:00:00+08:00</StartTime>
            <EndTime>2025-12-02T00:00:00+08:00</EndTime>
            <ElementValue>
              <WindSpeed>7</WindSpeed>
              <BeaufortScale>4</BeaufortScale>
            </ElementValue>
          </Time>
          <Time>
            <StartTime>2025-12-02T00:00:00+08:00</StartTime>
            <EndTime>2025-12-03T00:00:00+08:00</EndTime>
            <ElementValue>
              <WindSpeed>8</WindSpeed>
              <BeaufortScale>5</BeaufortScale>
            </ElementValue>
          </Time>
          <Time>
            <StartTime>2025-12-03T00:00:00+08:00</StartTime>
            <EndTime>2025-12-04T00:00:00+08:00</EndTime>
            <ElementValue>
              <WindSpeed>&gt;= 11</WindSpeed>
              <BeaufortScale>&gt;= 6</BeaufortScale>
            </ElementValue>
          </Time>
          <Time>
            <StartTime>2025-12-04T00:00:00+08:00</StartTime>
            <EndTime>2025-12-05T00:00:00+08:00</EndTime>
            <ElementValue>
              <WindSpeed>&gt;= 11</WindSpeed>
              <BeaufortScale>&gt;= 6</BeaufortScale>
            </ElementValue>
          </Time>
          <Time>
            <StartTime>2025-12-05T00:00:00+08:00</StartTime>
            <EndTime>2025-12-06T00:00:00+08:00</EndTime>
            <ElementValue>
              <WindSpeed>9</WindSpeed>
              <BeaufortScale>5</BeaufortScale>
            </ElementValue>
          </Time>
          <Time>
            <StartTime>2025-12-06T00:00:00+08:00</StartTime>
            <EndTime>2025-12-07T00:00:00+08:00</EndTime>
            <ElementValue>
              <WindSpeed>8</WindSpeed>
              <BeaufortScale>5</BeaufortScale>
            </ElementValue>
          </Time>
          <Time>
            <StartTime>2025-12-07T00:00:00+08:00</StartTime>
            <EndTime>2025-12-08T00:00:00+08:00</EndTime>
            <ElementValue>
              <WindSpeed>7</WindSpeed>
              <BeaufortScale>4</BeaufortScale>
            </ElementValue>
          </Time>
        </WeatherElement>
        <WeatherElement>
          <ElementName>風向</ElementName>
          <Time>
            <StartTime>2025-12-01T00:00:00+08:00</StartTime>
            <EndTime>2025-12-02T00:00:00+08:00</EndTime>
            <ElementValue>
              <WindDirection>東北風</WindDirection>
            </ElementValue>
          </Time>
          <Time>
            <StartTime>2025-12-02T00:00:00+08:00</StartTime>
            <EndTime>2025-12-03T00:00:00+08:00</EndTime>
            <ElementValue>
              <WindDirection>東北風</WindDirection>
            </ElementValue>
          </Time>
          <Time>
            <StartTime>2025-12-03T00:00:00+08:00</StartTime>
            <EndTime>2025-12-04T00:00:00+08:00</EndTime>
            <ElementValue>
              <WindDirection>東北風</WindDirection>
            </ElementValue>
          </Time>
          <Time>
            <StartTime>2025-12-04T00:00:00+08:00</StartTime>
            <EndTime>2025-12-05T00:00:00+08:00</EndTime>
            <ElementValue>
              <WindDirection>東北風</WindDirection>
            </ElementValue>
          </Time>
          <Time>
            <StartTime>2025-12-05T00:00:00+08:00</StartTime>
            <EndTime>2025-12-06T00:00:00+08:00</EndTime>
            <ElementValue>
              <WindDirection>東北風</WindDirection>
            </ElementValue>
          </Time>
          <Time>
            <StartTime>2025-12-06T00:00:00+08:00</StartTime>
            <EndTime>2025-12-07T00:00:00+08:00</EndTime>
            <ElementValue>
              <WindDirection>東北風</WindDirection>
            </ElementValue>
          </Time>
          <Time>
            <StartTime>2025-12-07T00:00:00+08:00</StartTime>
            <EndTime>2025-12-08T00:00:00+08:00</EndTime>
            <ElementValue>
              <WindDirection>東北風</WindDirection>
            </ElementValue>
          </Time>
        </WeatherElement>
        <WeatherElement>
          <ElementName>24小時降雨機率</ElementName>
          <Time>
            <StartTime>2025-12-01T00:00:00+08:00</StartTime>
            <EndTime>2025-12-02T00:00:00+08:00</EndTime>
            <ElementValue>
              <ProbabilityOfPrecipitation>20</ProbabilityOfPrecipitation>
            </ElementValue>
          </Time>
          <Time>
            <StartTime>2025-12-02T00:00:00+08:00</StartTime>
            <EndTime>2025-12-03T00:00:00+08:00</EndTime>
            <ElementValue>
              <ProbabilityOfPrecipitation>10</ProbabilityOfPrecipitation>
            </ElementValue>
          </Time>
          <Time>
            <StartTime>2025-12-03T00:00:00+08:00</StartTime>
            <EndTime>2025-12-04T00:00:00+08:00</EndTime>
            <ElementValue>
              <ProbabilityOfPrecipitation>40</ProbabilityOfPrecipitation>
            </ElementValue>
          </Time>
          <Time>
            <StartTime>2025-12-04T00:00:00+08:00</StartTime>
            <EndTime>2025-12-05T00:00:00+08:00</EndTime>
            <ElementValue>
              <ProbabilityOfPrecipitation>-</ProbabilityOfPrecipitation>
            </ElementValue>
          </Time>
          <Time>
            <StartTime>2025-12-05T00:00:00+08:00</StartTime>
            <EndTime>2025-12-06T00:00:00+08:00</EndTime>
            <ElementValue>
              <ProbabilityOfPrecipitation>-</ProbabilityOfPrecipitation>
            </ElementValue>
          </Time>
          <Time>
            <StartTime>2025-12-06T00:00:00+08:00</StartTime>
            <EndTime>2025-12-07T00:00:00+08:00</EndTime>
            <ElementValue>
              <ProbabilityOfPrecipitation>-</ProbabilityOfPrecipitation>
            </ElementValue>
          </Time>
          <Time>
            <StartTime>2025-12-07T00:00:00+08:00</StartTime>
            <EndTime>2025-12-08T00:00:00+08:00</EndTime>
            <ElementValue>
              <ProbabilityOfPrecipitation>-</ProbabilityOfPrecipitation>
            </ElementValue>
          </Time>
        </WeatherElement>
        <WeatherElement>
          <ElementName>天氣現象</ElementName>
          <Time>
            <StartTime>2025-12-01T00:00:00+08:00</StartTime>
            <EndTime>2025-12-02T00:00:00+08:00</EndTime>
            <ElementValue>
              <Weather>多雲時晴</Weather>
              <WeatherCode>03</WeatherCode>
            </ElementValue>
          </Time>
          <Time>
            <StartTime>2025-12-02T00:00:00+08:00</StartTime>
            <EndTime>2025-12-03T00:00:00+08:00</EndTime>
            <ElementValue>
              <Weather>多雲</Weather>
              <WeatherCode>04</WeatherCode>
            </ElementValue>
          </Time>
          <Time>
            <StartTime>2025-12-03T00:00:00+08:00</StartTime>
            <EndTime>2025-12-04T00:00:00+08:00</EndTime>
            <ElementValue>
              <Weather>陰時多雲短暫雨</Weather>
              <WeatherCode>10</WeatherCode>
            </ElementValue>
          </Time>
          <Time>
            <StartTime>2025-12-04T00:00:00+08:00</StartTime>
            <EndTime>2025-12-05T00:00:00+08:00</EndTime>
            <ElementValue>
              <Weather>多雲</Weather>
              <WeatherCode>04</WeatherCode>
            </ElementValue>
          </Time>
          <Time>
            <StartTime>2025-12-05T00:00:00+08:00</StartTime>
            <EndTime>2025-12-06T00:00:00+08:00</EndTime>
            <ElementValue>
              <Weather>多雲</Weather>
              <WeatherCode>04</WeatherCode>
            </ElementValue>
          </Time>
          <Time>
            <StartTime>2025-12-06T00:00:00+08:00</StartTime>
            <EndTime>2025-12-07T00:00:00+08:00</EndTime>
            <ElementValue>
              <Weather>晴時多雲</Weather>
              <WeatherCode>02</WeatherCode>
            </ElementValue>
          </Time>
          <Time>
            <StartTime>2025-12-07T00:00:00+08:00</StartTime>
            <EndTime>2025-12-08T00:00:00+08:00</EndTime>
            <ElementValue>
              <Weather>晴時多雲</Weather>
              <WeatherCode>02</WeatherCode>
            </ElementValue>
          </Time>
        </WeatherElement>
        <WeatherElement>
          <ElementName>紫外線指數</ElementName>
          <Time>
            <StartTime>2025-12-01T00:00:00+08:00</StartTime>
            <EndTime>2025-12-02T00:00:00+08:00</EndTime>
            <ElementValue>
              <UVIndex>4</UVIndex>
              <UVExposureLevel>中量級</UVExposureLevel>
            </ElementValue>
          </Time>
          <Time>
            <StartTime>2025-12-02T00:00:00+08:00</StartTime>
            <EndTime>2025-12-03T00:00:00+08:00</EndTime>
            <ElementValue>
              <UVIndex>4</UVIndex>
              <UVExposureLevel>中量級</UVExposureLevel>
            </ElementValue>
          </Time>
          <Time>
            <StartTime>2025-12-03T00:00:00+08:00</StartTime>
            <EndTime>2025-12-04T00:00:00+08:00</EndTime>
            <ElementValue>
              <UVIndex>2</UVIndex>
              <UVExposureLevel>低量級</UVExposureLevel>
            </ElementValue>
          </Time>
          <Time>
            <StartTime>2025-12-04T00:00:00+08:00</StartTime>
            <EndTime>2025-12-05T00:00:00+08:00</EndTime>
            <ElementValue>
              <UVIndex>3</UVIndex>
              <UVExposureLevel>中量級</UVExposureLevel>
            </ElementValue>
          </Time>
          <Time>
            <StartTime>2025-12-05T00:00:00+08:00</StartTime>
            <EndTime>2025-12-06T00:00:00+08:00</EndTime>
            <ElementValue>
              <UVIndex>4</UVIndex>
              <UVExposureLevel>中量級</UVExposureLevel>
            </ElementValue>
          </Time>
          <Time>
            <StartTime>2025-12-06T00:00:00+08:00</StartTime>
            <EndTime>2025-12-07T00:00:00+08:00</EndTime>
            <ElementValue>
              <UVIndex>5</UVIndex>
              <UVExposureLevel>中量級</UVExposureLevel>
            </ElementValue>
          </Time>
          <Time>
            <StartTime>2025-12-07T00:00:00+08:00</StartTime>
            <EndTime>2025-12-08T00:00:00+08:00</EndTime>
            <ElementValue>
              <UVIndex>5</UVIndex>
              <UVExposureLevel>中量級</UVExposureLevel>
            </ElementValue>
          </Time>
        </WeatherElement>
        <WeatherElement>
          <ElementName>天氣預報綜合描述</ElementName>
          <Time>
            <StartTime>2025-12-01T00:00:00+08:00</StartTime>
            <EndTime>2025-12-02T00:00:00+08:00</EndTime>
            <ElementValue>
              <WeatherDescription>多雲時晴。降雨機率20%。溫度攝氏19至24度。稍有寒意至舒適。東北風 風速4級(每秒7公尺)。相對濕度86%。</WeatherDescription>
            </ElementValue>
          </Time>
          <Time>
            <StartTime>2025-12-02T00:00:00+08:00</StartTime>
            <EndTime>2025-12-03T00:00:00+08:00</EndTime>
            <ElementValue>
              <WeatherDescription>多雲。降雨機率10%。溫度攝氏19至23度。稍有寒意至舒適。東北風 風速5級(每秒8公尺)。相對濕度82%。</WeatherDescription>
            </ElementValue>
          </Time>
          <Time>
            <StartTime>2025-12-03T00:00:00+08:00</StartTime>
            <EndTime>2025-12-04T00:00:00+08:00</EndTime>
            <ElementValue>
              <WeatherDescription>陰時多雲短暫雨。降雨機率40%。溫度攝氏17至20度。稍有寒意。東北風 風速&gt;= 6級(每秒&gt;= 11公尺)。相對濕度71%。</WeatherDescription>
            </ElementValue>
          </Time>
          <Time>
            <StartTime>2025-12-04T00:00:00+08:00</StartTime>
            <EndTime>2025-12-05T00:00:00+08:00</EndTime>
            <ElementValue>
              <WeatherDescription>多雲。溫度攝氏16至19度。稍有寒意。東北風 風速&gt;= 6級(每秒&gt;= 11公尺)。相對濕度64%。</WeatherDescription>
            </ElementValue>
          </Time>
          <Time>
            <StartTime>2025-12-05T00:00:00+08:00</StartTime>
            <EndTime>2025-12-06T00:00:00+08:00</EndTime>
            <ElementValue>
              <WeatherDescription>多雲。溫度攝氏17至22度。稍有寒意至舒適。東北風 風速5級(每秒9公尺)。相對濕度66%。</WeatherDescription>
            </ElementValue>
          </Time>
          <Time>
            <StartTime>2025-12-06T00:00:00+08:00</StartTime>
            <EndTime>2025-12-07T00:00:00+08:00</EndTime>
            <ElementValue>
              <WeatherDescription>晴時多雲。溫度攝氏17至23度。稍有寒意至舒適。東北風 風速5級(每秒8公尺)。相對濕度69%。</WeatherDescription>
            </ElementValue>
          </Time>
          <Time>
            <StartTime>2025-12-07T00:00:00+08:00</StartTime>
            <EndTime>2025-12-08T00:00:00+08:00</EndTime>
            <ElementValue>
              <WeatherDescription>晴時多雲。溫度攝氏17至23度。稍有寒意至舒適。東北風 風速4級(每秒7公尺)。相對濕度71%。</WeatherDescription>
            </ElementValue>
          </Time>
        </WeatherElement>
      </Location>
      <Location>
        <LocationName>香山區</LocationName>
        <Geocode>10018030</Geocode>
        <Latitude>24.798788</Latitude>
        <Longitude>120.933766</Longitude>
        <WeatherElement>
          <ElementName>平均溫度</ElementName>
          <Time>
            <StartTime>2025-12-01T00:00:00+08:00</StartTime>
            <EndTime>2025-12-02T00:00:00+08:00</EndTime>
            <ElementValue>
              <Temperature>21</Temperature>
            </ElementValue>
          </Time>
          <Time>
            <StartTime>2025-12-02T00:00:00+08:00</StartTime>
            <EndTime>2025-12-03T00:00:00+08:00</EndTime>
            <ElementValue>
              <Temperature>21</Temperature>
            </ElementValue>
          </Time>
          <Time>
            <StartTime>2025-12-03T00:00:00+08:00</StartTime>
            <EndTime>2025-12-04T00:00:00+08:00</EndTime>
            <ElementValue>
              <Temperature>18</Temperature>
            </ElementValue>
          </Time>
          <Time>
            <StartTime>2025-12-04T00:00:00+08:00</StartTime>
            <EndTime>2025-12-05T00:00:00+08:00</EndTime>
            <ElementValue>
              <Temperature>18</Temperature>
            </ElementValue>
          </Time>
          <Time>
            <StartTime>2025-12-05T00:00:00+08:00</StartTime>
            <EndTime>2025-12-06T00:00:00+08:00</EndTime>
            <ElementValue>
              <Temperature>19</Temperature>
            </ElementValue>
          </Time>
          <Time>
            <StartTime>2025-12-06T00:00:00+08:00</StartTime>
            <EndTime>2025-12-07T00:00:00+08:00</EndTime>
            <ElementValue>
              <Temperature>20</Temperature>
            </ElementValue>
          </Time>
          <Time>
            <StartTime>2025-12-07T00:00:00+08:00</StartTime>
            <EndTime>2025-12-08T00:00:00+08:00</EndTime>
            <ElementValue>
              <Temperature>20</Temperature>
            </ElementValue>
          </Time>
        </WeatherElement>
        <WeatherElement>
          <ElementName>最高溫度</ElementName>
          <Time>
            <StartTime>2025-12-01T00:00:00+08:00</StartTime>
            <EndTime>2025-12-02T00:00:00+08:00</EndTime>
            <ElementValue>
              <MaxTemperature>24</MaxTemperature>
            </ElementValue>
          </Time>
          <Time>
            <StartTime>2025-12-02T00:00:00+08:00</StartTime>
            <EndTime>2025-12-03T00:00:00+08:00</EndTime>
            <ElementValue>
              <MaxTemperature>23</MaxTemperature>
            </ElementValue>
          </Time>
          <Time>
            <StartTime>2025-12-03T00:00:00+08:00</StartTime>
            <EndTime>2025-12-04T00:00:00+08:00</EndTime>
            <ElementValue>
              <MaxTemperature>19</MaxTemperature>
            </ElementValue>
          </Time>
          <Time>
            <StartTime>2025-12-04T00:00:00+08:00</StartTime>
            <EndTime>2025-12-05T00:00:00+08:00</EndTime>
            <ElementValue>
              <MaxTemperature>20</MaxTemperature>
            </ElementValue>
          </Time>
          <Time>
            <StartTime>2025-12-05T00:00:00+08:00</StartTime>
            <EndTime>2025-12-06T00:00:00+08:00</EndTime>
            <ElementValue>
              <MaxTemperature>22</MaxTemperature>
            </ElementValue>
          </Time>
          <Time>
            <StartTime>2025-12-06T00:00:00+08:00</StartTime>
            <EndTime>2025-12-07T00:00:00+08:00</EndTime>
            <ElementValue>
              <MaxTemperature>23</MaxTemperature>
            </ElementValue>
          </Time>
          <Time>
            <StartTime>2025-12-07T00:00:00+08:00</StartTime>
            <EndTime>2025-12-08T00:00:00+08:00</EndTime>
            <ElementValue>
              <MaxTemperature>23</MaxTemperature>
            </ElementValue>
          </Time>
        </WeatherElement>
        <WeatherElement>
          <ElementName>最低溫度</ElementName>
          <Time>
            <StartTime>2025-12-01T00:00:00+08:00</StartTime>
            <EndTime>2025-12-02T00:00:00+08:00</EndTime>
            <ElementValue>
              <MinTemperature>19</MinTemperature>
            </ElementValue>
          </Time>
          <Time>
            <StartTime>2025-12-02T00:00:00+08:00</StartTime>
            <EndTime>2025-12-03T00:00:00+08:00</EndTime>
            <ElementValue>
              <MinTemperature>19</MinTemperature>
            </ElementValue>
          </Time>
          <Time>
            <StartTime>2025-12-03T00:00:00+08:00</StartTime>
            <EndTime>2025-12-04T00:00:00+08:00</EndTime>
            <ElementValue>
              <MinTemperature>17</MinTemperature>
            </ElementValue>
          </Time>
          <Time>
            <StartTime>2025-12-04T00:00:00+08:00</StartTime>
            <EndTime>2025-12-05T00:00:00+08:00</EndTime>
            <ElementValue>
              <MinTemperature>16</MinTemperature>
            </ElementValue>
          </Time>
          <Time>
            <StartTime>2025-12-05T00:00:00+08:00</StartTime>
            <EndTime>2025-12-06T00:00:00+08:00</EndTime>
            <ElementValue>
              <MinTemperature>17</MinTemperature>
            </ElementValue>
          </Time>
          <Time>
            <StartTime>2025-12-06T00:00:00+08:00</StartTime>
            <EndTime>2025-12-07T00:00:00+08:00</EndTime>
            <ElementValue>
              <MinTemperature>17</MinTemperature>
            </ElementValue>
          </Time>
          <Time>
            <StartTime>2025-12-07T00:00:00+08:00</StartTime>
            <EndTime>2025-12-08T00:00:00+08:00</EndTime>
            <ElementValue>
              <MinTemperature>17</MinTemperature>
            </ElementValue>
          </Time>
        </WeatherElement>
        <WeatherElement>
          <ElementName>平均露點溫度</ElementName>
          <Time>
            <StartTime>2025-12-01T00:00:00+08:00</StartTime>
            <EndTime>2025-12-02T00:00:00+08:00</EndTime>
            <ElementValue>
              <DewPoint>18</DewPoint>
            </ElementValue>
          </Time>
          <Time>
            <StartTime>2025-12-02T00:00:00+08:00</StartTime>
            <EndTime>2025-12-03T00:00:00+08:00</EndTime>
            <ElementValue>
              <DewPoint>17</DewPoint>
            </ElementValue>
          </Time>
          <Time>
            <StartTime>2025-12-03T00:00:00+08:00</StartTime>
            <EndTime>2025-12-04T00:00:00+08:00</EndTime>
            <ElementValue>
              <DewPoint>13</DewPoint>
            </ElementValue>
          </Time>
          <Time>
            <StartTime>2025-12-04T00:00:00+08:00</StartTime>
            <EndTime>2025-12-05T00:00:00+08:00</EndTime>
            <ElementValue>
              <DewPoint>11</DewPoint>
            </ElementValue>
          </Time>
          <Time>
            <StartTime>2025-12-05T00:00:00+08:00</StartTime>
            <EndTime>2025-12-06T00:00:00+08:00</EndTime>
            <ElementValue>
              <DewPoint>12</DewPoint>
            </ElementValue>
          </Time>
          <Time>
            <StartTime>2025-12-06T00:00:00+08:00</StartTime>
            <EndTime>2025-12-07T00:00:00+08:00</EndTime>
            <ElementValue>
              <DewPoint>14</DewPoint>
            </ElementValue>
          </Time>
          <Time>
            <StartTime>2025-12-07T00:00:00+08:00</StartTime>
            <EndTime>2025-12-08T00:00:00+08:00</EndTime>
            <ElementValue>
              <DewPoint>14</DewPoint>
            </ElementValue>
          </Time>
        </WeatherElement>
        <WeatherElement>
          <ElementName>平均相對濕度</ElementName>
          <Time>
            <StartTime>2025-12-01T00:00:00+08:00</StartTime>
            <EndTime>2025-12-02T00:00:00+08:00</EndTime>
            <ElementValue>
              <RelativeHumidity>87</RelativeHumidity>
            </ElementValue>
          </Time>
          <Time>
            <StartTime>2025-12-02T00:00:00+08:00</StartTime>
            <EndTime>2025-12-03T00:00:00+08:00</EndTime>
            <ElementValue>
              <RelativeHumidity>82</RelativeHumidity>
            </ElementValue>
          </Time>
          <Time>
            <StartTime>2025-12-03T00:00:00+08:00</StartTime>
            <EndTime>2025-12-04T00:00:00+08:00</EndTime>
            <ElementValue>
              <RelativeHumidity>72</RelativeHumidity>
            </ElementValue>
          </Time>
          <Time>
            <StartTime>2025-12-04T00:00:00+08:00</StartTime>
            <EndTime>2025-12-05T00:00:00+08:00</EndTime>
            <ElementValue>
              <RelativeHumidity>65</RelativeHumidity>
            </ElementValue>
          </Time>
          <Time>
            <StartTime>2025-12-05T00:00:00+08:00</StartTime>
            <EndTime>2025-12-06T00:00:00+08:00</EndTime>
            <ElementValue>
              <RelativeHumidity>67</RelativeHumidity>
            </ElementValue>
          </Time>
          <Time>
            <StartTime>2025-12-06T00:00:00+08:00</StartTime>
            <EndTime>2025-12-07T00:00:00+08:00</EndTime>
            <ElementValue>
              <RelativeHumidity>70</RelativeHumidity>
            </ElementValue>
          </Time>
          <Time>
            <StartTime>2025-12-07T00:00:00+08:00</StartTime>
            <EndTime>2025-12-08T00:00:00+08:00</EndTime>
            <ElementValue>
              <RelativeHumidity>73</RelativeHumidity>
            </ElementValue>
          </Time>
        </WeatherElement>
        <WeatherElement>
          <ElementName>最高體感溫度</ElementName>
          <Time>
            <StartTime>2025-12-01T00:00:00+08:00</StartTime>
            <EndTime>2025-12-02T00:00:00+08:00</EndTime>
            <ElementValue>
              <MaxApparentTemperature>23</MaxApparentTemperature>
            </ElementValue>
          </Time>
          <Time>
            <StartTime>2025-12-02T00:00:00+08:00</StartTime>
            <EndTime>2025-12-03T00:00:00+08:00</EndTime>
            <ElementValue>
              <MaxApparentTemperature>21</MaxApparentTemperature>
            </ElementValue>
          </Time>
          <Time>
            <StartTime>2025-12-03T00:00:00+08:00</StartTime>
            <EndTime>2025-12-04T00:00:00+08:00</EndTime>
            <ElementValue>
              <MaxApparentTemperature>17</MaxApparentTemperature>
            </ElementValue>
          </Time>
          <Time>
            <StartTime>2025-12-04T00:00:00+08:00</StartTime>
            <EndTime>2025-12-05T00:00:00+08:00</EndTime>
            <ElementValue>
              <MaxApparentTemperature>15</MaxApparentTemperature>
            </ElementValue>
          </Time>
          <Time>
            <StartTime>2025-12-05T00:00:00+08:00</StartTime>
            <EndTime>2025-12-06T00:00:00+08:00</EndTime>
            <ElementValue>
              <MaxApparentTemperature>18</MaxApparentTemperature>
            </ElementValue>
          </Time>
          <Time>
            <StartTime>2025-12-06T00:00:00+08:00</StartTime>
            <EndTime>2025-12-07T00:00:00+08:00</EndTime>
            <ElementValue>
              <MaxApparentTemperature>23</MaxApparentTemperature>
            </ElementValue>
          </Time>
          <Time>
            <StartTime>2025-12-07T00:00:00+08:00</StartTime>
            <EndTime>2025-12-08T00:00:00+08:00</EndTime>
            <ElementValue>
              <MaxApparentTemperature>25</MaxApparentTemperature>
            </ElementValue>
          </Time>
        </WeatherElement>
        <WeatherElement>
          <ElementName>最低體感溫度</ElementName>
          <Time>
            <StartTime>2025-12-01T00:00:00+08:00</StartTime>
            <EndTime>2025-12-02T00:00:00+08:00</EndTime>
            <ElementValue>
              <MinApparentTemperature>18</MinApparentTemperature>
            </ElementValue>
          </Time>
          <Time>
            <StartTime>2025-12-02T00:00:00+08:00</StartTime>
            <EndTime>2025-12-03T00:00:00+08:00</EndTime>
            <ElementValue>
              <MinApparentTemperature>17</MinApparentTemperature>
            </ElementValue>
          </Time>
          <Time>
            <StartTime>2025-12-03T00:00:00+08:00</StartTime>
            <EndTime>2025-12-04T00:00:00+08:00</EndTime>
            <ElementValue>
              <MinApparentTemperature>11</MinApparentTemperature>
            </ElementValue>
          </Time>
          <Time>
            <StartTime>2025-12-04T00:00:00+08:00</StartTime>
            <EndTime>2025-12-05T00:00:00+08:00</EndTime>
            <ElementValue>
              <MinApparentTemperature>10</MinApparentTemperature>
            </ElementValue>
          </Time>
          <Time>
            <StartTime>2025-12-05T00:00:00+08:00</StartTime>
            <EndTime>2025-12-06T00:00:00+08:00</EndTime>
            <ElementValue>
              <MinApparentTemperature>13</MinApparentTemperature>
            </ElementValue>
          </Time>
          <Time>
            <StartTime>2025-12-06T00:00:00+08:00</StartTime>
            <EndTime>2025-12-07T00:00:00+08:00</EndTime>
            <ElementValue>
              <MinApparentTemperature>14</MinApparentTemperature>
            </ElementValue>
          </Time>
          <Time>
            <StartTime>2025-12-07T00:00:00+08:00</StartTime>
            <EndTime>2025-12-08T00:00:00+08:00</EndTime>
            <ElementValue>
              <MinApparentTemperature>16</MinApparentTemperature>
            </ElementValue>
          </Time>
        </WeatherElement>
        <WeatherElement>
          <ElementName>最大舒適度指數</ElementName>
          <Time>
            <StartTime>2025-12-01T00:00:00+08:00</StartTime>
            <EndTime>2025-12-02T00:00:00+08:00</EndTime>
            <ElementValue>
              <MaxComfortIndex>23</MaxComfortIndex>
              <MaxComfortIndexDescription>舒適</MaxComfortIndexDescription>
            </ElementValue>
          </Time>
          <Time>
            <StartTime>2025-12-02T00:00:00+08:00</StartTime>
            <EndTime>2025-12-03T00:00:00+08:00</EndTime>
            <ElementValue>
              <MaxComfortIndex>22</MaxComfortIndex>
              <MaxComfortIndexDescription>舒適</MaxComfortIndexDescription>
            </ElementValue>
          </Time>
          <Time>
            <StartTime>2025-12-03T00:00:00+08:00</StartTime>
            <EndTime>2025-12-04T00:00:00+08:00</EndTime>
            <ElementValue>
              <MaxComfortIndex>19</MaxComfortIndex>
              <MaxComfortIndexDescription>稍有寒意</MaxComfortIndexDescription>
            </ElementValue>
          </Time>
          <Time>
            <StartTime>2025-12-04T00:00:00+08:00</StartTime>
            <EndTime>2025-12-05T00:00:00+08:00</EndTime>
            <ElementValue>
              <MaxComfortIndex>18</MaxComfortIndex>
              <MaxComfortIndexDescription>稍有寒意</MaxComfortIndexDescription>
            </ElementValue>
          </Time>
          <Time>
            <StartTime>2025-12-05T00:00:00+08:00</StartTime>
            <EndTime>2025-12-06T00:00:00+08:00</EndTime>
            <ElementValue>
              <MaxComfortIndex>20</MaxComfortIndex>
              <MaxComfortIndexDescription>舒適</MaxComfortIndexDescription>
            </ElementValue>
          </Time>
          <Time>
            <StartTime>2025-12-06T00:00:00+08:00</StartTime>
            <EndTime>2025-12-07T00:00:00+08:00</EndTime>
            <ElementValue>
              <MaxComfortIndex>21</MaxComfortIndex>
              <MaxComfortIndexDescription>舒適</MaxComfortIndexDescription>
            </ElementValue>
          </Time>
          <Time>
            <StartTime>2025-12-07T00:00:00+08:00</StartTime>
            <EndTime>2025-12-08T00:00:00+08:00</EndTime>
            <ElementValue>
              <MaxComfortIndex>21</MaxComfortIndex>
              <MaxComfortIndexDescription>舒適</MaxComfortIndexDescription>
            </ElementValue>
          </Time>
        </WeatherElement>
        <WeatherElement>
          <ElementName>最小舒適度指數</ElementName>
          <Time>
            <StartTime>2025-12-01T00:00:00+08:00</StartTime>
            <EndTime>2025-12-02T00:00:00+08:00</EndTime>
            <ElementValue>
              <MinComfortIndex>18</MinComfortIndex>
              <MinComfortIndexDescription>稍有寒意</MinComfortIndexDescription>
            </ElementValue>
          </Time>
          <Time>
            <StartTime>2025-12-02T00:00:00+08:00</StartTime>
            <EndTime>2025-12-03T00:00:00+08:00</EndTime>
            <ElementValue>
              <MinComfortIndex>19</MinComfortIndex>
              <MinComfortIndexDescription>稍有寒意</MinComfortIndexDescription>
            </ElementValue>
          </Time>
          <Time>
            <StartTime>2025-12-03T00:00:00+08:00</StartTime>
            <EndTime>2025-12-04T00:00:00+08:00</EndTime>
            <ElementValue>
              <MinComfortIndex>16</MinComfortIndex>
              <MinComfortIndexDescription>稍有寒意</MinComfortIndexDescription>
            </ElementValue>
          </Time>
          <Time>
            <StartTime>2025-12-04T00:00:00+08:00</StartTime>
            <EndTime>2025-12-05T00:00:00+08:00</EndTime>
            <ElementValue>
              <MinComfortIndex>16</MinComfortIndex>
              <MinComfortIndexDescription>稍有寒意</MinComfortIndexDescription>
            </ElementValue>
          </Time>
          <Time>
            <StartTime>2025-12-05T00:00:00+08:00</StartTime>
            <EndTime>2025-12-06T00:00:00+08:00</EndTime>
            <ElementValue>
              <MinComfortIndex>16</MinComfortIndex>
              <MinComfortIndexDescription>稍有寒意</MinComfortIndexDescription>
            </ElementValue>
          </Time>
          <Time>
            <StartTime>2025-12-06T00:00:00+08:00</StartTime>
            <EndTime>2025-12-07T00:00:00+08:00</EndTime>
            <ElementValue>
              <MinComfortIndex>17</MinComfortIndex>
              <MinComfortIndexDescription>稍有寒意</MinComfortIndexDescription>
            </ElementValue>
          </Time>
          <Time>
            <StartTime>2025-12-07T00:00:00+08:00</StartTime>
            <EndTime>2025-12-08T00:00:00+08:00</EndTime>
            <ElementValue>
              <MinComfortIndex>17</MinComfortIndex>
              <MinComfortIndexDescription>稍有寒意</MinComfortIndexDescription>
            </ElementValue>
          </Time>
        </WeatherElement>
        <WeatherElement>
          <ElementName>風速</ElementName>
          <Time>
            <StartTime>2025-12-01T00:00:00+08:00</StartTime>
            <EndTime>2025-12-02T00:00:00+08:00</EndTime>
            <ElementValue>
              <WindSpeed>8</WindSpeed>
              <BeaufortScale>5</BeaufortScale>
            </ElementValue>
          </Time>
          <Time>
            <StartTime>2025-12-02T00:00:00+08:00</StartTime>
            <EndTime>2025-12-03T00:00:00+08:00</EndTime>
            <ElementValue>
              <WindSpeed>8</WindSpeed>
              <BeaufortScale>5</BeaufortScale>
            </ElementValue>
          </Time>
          <Time>
            <StartTime>2025-12-03T00:00:00+08:00</StartTime>
            <EndTime>2025-12-04T00:00:00+08:00</EndTime>
            <ElementValue>
              <WindSpeed>&gt;= 11</WindSpeed>
              <BeaufortScale>&gt;= 6</BeaufortScale>
            </ElementValue>
          </Time>
          <Time>
            <StartTime>2025-12-04T00:00:00+08:00</StartTime>
            <EndTime>2025-12-05T00:00:00+08:00</EndTime>
            <ElementValue>
              <WindSpeed>&gt;= 11</WindSpeed>
              <BeaufortScale>&gt;= 6</BeaufortScale>
            </ElementValue>
          </Time>
          <Time>
            <StartTime>2025-12-05T00:00:00+08:00</StartTime>
            <EndTime>2025-12-06T00:00:00+08:00</EndTime>
            <ElementValue>
              <WindSpeed>9</WindSpeed>
              <BeaufortScale>5</BeaufortScale>
            </ElementValue>
          </Time>
          <Time>
            <StartTime>2025-12-06T00:00:00+08:00</StartTime>
            <EndTime>2025-12-07T00:00:00+08:00</EndTime>
            <ElementValue>
              <WindSpeed>9</WindSpeed>
              <BeaufortScale>5</BeaufortScale>
            </ElementValue>
          </Time>
          <Time>
            <StartTime>2025-12-07T00:00:00+08:00</StartTime>
            <EndTime>2025-12-08T00:00:00+08:00</EndTime>
            <ElementValue>
              <WindSpeed>7</WindSpeed>
              <BeaufortScale>4</BeaufortScale>
            </ElementValue>
          </Time>
        </WeatherElement>
        <WeatherElement>
          <ElementName>風向</ElementName>
          <Time>
            <StartTime>2025-12-01T00:00:00+08:00</StartTime>
            <EndTime>2025-12-02T00:00:00+08:00</EndTime>
            <ElementValue>
              <WindDirection>東北風</WindDirection>
            </ElementValue>
          </Time>
          <Time>
            <StartTime>2025-12-02T00:00:00+08:00</StartTime>
            <EndTime>2025-12-03T00:00:00+08:00</EndTime>
            <ElementValue>
              <WindDirection>東北風</WindDirection>
            </ElementValue>
          </Time>
          <Time>
            <StartTime>2025-12-03T00:00:00+08:00</StartTime>
            <EndTime>2025-12-04T00:00:00+08:00</EndTime>
            <ElementValue>
              <WindDirection>東北風</WindDirection>
            </ElementValue>
          </Time>
          <Time>
            <StartTime>2025-12-04T00:00:00+08:00</StartTime>
            <EndTime>2025-12-05T00:00:00+08:00</EndTime>
            <ElementValue>
              <WindDirection>東北風</WindDirection>
            </ElementValue>
          </Time>
          <Time>
            <StartTime>2025-12-05T00:00:00+08:00</StartTime>
            <EndTime>2025-12-06T00:00:00+08:00</EndTime>
            <ElementValue>
              <WindDirection>東北風</WindDirection>
            </ElementValue>
          </Time>
          <Time>
            <StartTime>2025-12-06T00:00:00+08:00</StartTime>
            <EndTime>2025-12-07T00:00:00+08:00</EndTime>
            <ElementValue>
              <WindDirection>東北風</WindDirection>
            </ElementValue>
          </Time>
          <Time>
            <StartTime>2025-12-07T00:00:00+08:00</StartTime>
            <EndTime>2025-12-08T00:00:00+08:00</EndTime>
            <ElementValue>
              <WindDirection>偏東風</WindDirection>
            </ElementValue>
          </Time>
        </WeatherElement>
        <WeatherElement>
          <ElementName>24小時降雨機率</ElementName>
          <Time>
            <StartTime>2025-12-01T00:00:00+08:00</StartTime>
            <EndTime>2025-12-02T00:00:00+08:00</EndTime>
            <ElementValue>
              <ProbabilityOfPrecipitation>20</ProbabilityOfPrecipitation>
            </ElementValue>
          </Time>
          <Time>
            <StartTime>2025-12-02T00:00:00+08:00</StartTime>
            <EndTime>2025-12-03T00:00:00+08:00</EndTime>
            <ElementValue>
              <ProbabilityOfPrecipitation>10</ProbabilityOfPrecipitation>
            </ElementValue>
          </Time>
          <Time>
            <StartTime>2025-12-03T00:00:00+08:00</StartTime>
            <EndTime>2025-12-04T00:00:00+08:00</EndTime>
            <ElementValue>
              <ProbabilityOfPrecipitation>30</ProbabilityOfPrecipitation>
            </ElementValue>
          </Time>
          <Time>
            <StartTime>2025-12-04T00:00:00+08:00</StartTime>
            <EndTime>2025-12-05T00:00:00+08:00</EndTime>
            <ElementValue>
              <ProbabilityOfPrecipitation>-</ProbabilityOfPrecipitation>
            </ElementValue>
          </Time>
          <Time>
            <StartTime>2025-12-05T00:00:00+08:00</StartTime>
            <EndTime>2025-12-06T00:00:00+08:00</EndTime>
            <ElementValue>
              <ProbabilityOfPrecipitation>-</ProbabilityOfPrecipitation>
            </ElementValue>
          </Time>
          <Time>
            <StartTime>2025-12-06T00:00:00+08:00</StartTime>
            <EndTime>2025-12-07T00:00:00+08:00</EndTime>
            <ElementValue>
              <ProbabilityOfPrecipitation>-</ProbabilityOfPrecipitation>
            </ElementValue>
          </Time>
          <Time>
            <StartTime>2025-12-07T00:00:00+08:00</StartTime>
            <EndTime>2025-12-08T00:00:00+08:00</EndTime>
            <ElementValue>
              <ProbabilityOfPrecipitation>-</ProbabilityOfPrecipitation>
            </ElementValue>
          </Time>
        </WeatherElement>
        <WeatherElement>
          <ElementName>天氣現象</ElementName>
          <Time>
            <StartTime>2025-12-01T00:00:00+08:00</StartTime>
            <EndTime>2025-12-02T00:00:00+08:00</EndTime>
            <ElementValue>
              <Weather>多雲時晴</Weather>
              <WeatherCode>03</WeatherCode>
            </ElementValue>
          </Time>
          <Time>
            <StartTime>2025-12-02T00:00:00+08:00</StartTime>
            <EndTime>2025-12-03T00:00:00+08:00</EndTime>
            <ElementValue>
              <Weather>多雲時晴</Weather>
              <WeatherCode>03</WeatherCode>
            </ElementValue>
          </Time>
          <Time>
            <StartTime>2025-12-03T00:00:00+08:00</StartTime>
            <EndTime>2025-12-04T00:00:00+08:00</EndTime>
            <ElementValue>
              <Weather>陰時多雲短暫雨</Weather>
              <WeatherCode>10</WeatherCode>
            </ElementValue>
          </Time>
          <Time>
            <StartTime>2025-12-04T00:00:00+08:00</StartTime>
            <EndTime>2025-12-05T00:00:00+08:00</EndTime>
            <ElementValue>
              <Weather>多雲</Weather>
              <WeatherCode>04</WeatherCode>
            </ElementValue>
          </Time>
          <Time>
            <StartTime>2025-12-05T00:00:00+08:00</StartTime>
            <EndTime>2025-12-06T00:00:00+08:00</EndTime>
            <ElementValue>
              <Weather>多雲</Weather>
              <WeatherCode>04</WeatherCode>
            </ElementValue>
          </Time>
          <Time>
            <StartTime>2025-12-06T00:00:00+08:00</StartTime>
            <EndTime>2025-12-07T00:00:00+08:00</EndTime>
            <ElementValue>
              <Weather>晴時多雲</Weather>
              <WeatherCode>02</WeatherCode>
            </ElementValue>
          </Time>
          <Time>
            <StartTime>2025-12-07T00:00:00+08:00</StartTime>
            <EndTime>2025-12-08T00:00:00+08:00</EndTime>
            <ElementValue>
              <Weather>晴時多雲</Weather>
              <WeatherCode>02</WeatherCode>
            </ElementValue>
          </Time>
        </WeatherElement>
        <WeatherElement>
          <ElementName>紫外線指數</ElementName>
          <Time>
            <StartTime>2025-12-01T00:00:00+08:00</StartTime>
            <EndTime>2025-12-02T00:00:00+08:00</EndTime>
            <ElementValue>
              <UVIndex>4</UVIndex>
              <UVExposureLevel>中量級</UVExposureLevel>
            </ElementValue>
          </Time>
          <Time>
            <StartTime>2025-12-02T00:00:00+08:00</StartTime>
            <EndTime>2025-12-03T00:00:00+08:00</EndTime>
            <ElementValue>
              <UVIndex>4</UVIndex>
              <UVExposureLevel>中量級</UVExposureLevel>
            </ElementValue>
          </Time>
          <Time>
            <StartTime>2025-12-03T00:00:00+08:00</StartTime>
            <EndTime>2025-12-04T00:00:00+08:00</EndTime>
            <ElementValue>
              <UVIndex>3</UVIndex>
              <UVExposureLevel>中量級</UVExposureLevel>
            </ElementValue>
          </Time>
          <Time>
            <StartTime>2025-12-04T00:00:00+08:00</StartTime>
            <EndTime>2025-12-05T00:00:00+08:00</EndTime>
            <ElementValue>
              <UVIndex>3</UVIndex>
              <UVExposureLevel>中量級</UVExposureLevel>
            </ElementValue>
          </Time>
          <Time>
            <StartTime>2025-12-05T00:00:00+08:00</StartTime>
            <EndTime>2025-12-06T00:00:00+08:00</EndTime>
            <ElementValue>
              <UVIndex>4</UVIndex>
              <UVExposureLevel>中量級</UVExposureLevel>
            </ElementValue>
          </Time>
          <Time>
            <StartTime>2025-12-06T00:00:00+08:00</StartTime>
            <EndTime>2025-12-07T00:00:00+08:00</EndTime>
            <ElementValue>
              <UVIndex>5</UVIndex>
              <UVExposureLevel>中量級</UVExposureLevel>
            </ElementValue>
          </Time>
          <Time>
            <StartTime>2025-12-07T00:00:00+08:00</StartTime>
            <EndTime>2025-12-08T00:00:00+08:00</EndTime>
            <ElementValue>
              <UVIndex>5</UVIndex>
              <UVExposureLevel>中量級</UVExposureLevel>
            </ElementValue>
          </Time>
        </WeatherElement>
        <WeatherElement>
          <ElementName>天氣預報綜合描述</ElementName>
          <Time>
            <StartTime>2025-12-01T00:00:00+08:00</StartTime>
            <EndTime>2025-12-02T00:00:00+08:00</EndTime>
            <ElementValue>
              <WeatherDescription>多雲時晴。降雨機率20%。溫度攝氏19至24度。稍有寒意至舒適。東北風 風速5級(每秒8公尺)。相對濕度87%。</WeatherDescription>
            </ElementValue>
          </Time>
          <Time>
            <StartTime>2025-12-02T00:00:00+08:00</StartTime>
            <EndTime>2025-12-03T00:00:00+08:00</EndTime>
            <ElementValue>
              <WeatherDescription>多雲時晴。降雨機率10%。溫度攝氏19至23度。稍有寒意至舒適。東北風 風速5級(每秒8公尺)。相對濕度82%。</WeatherDescription>
            </ElementValue>
          </Time>
          <Time>
            <StartTime>2025-12-03T00:00:00+08:00</StartTime>
            <EndTime>2025-12-04T00:00:00+08:00</EndTime>
            <ElementValue>
              <WeatherDescription>陰時多雲短暫雨。降雨機率30%。溫度攝氏17至19度。稍有寒意。東北風 風速&gt;= 6級(每秒&gt;= 11公尺)。相對濕度72%。</WeatherDescription>
            </ElementValue>
          </Time>
          <Time>
            <StartTime>2025-12-04T00:00:00+08:00</StartTime>
            <EndTime>2025-12-05T00:00:00+08:00</EndTime>
            <ElementValue>
              <WeatherDescription>多雲。溫度攝氏16至20度。稍有寒意。東北風 風速&gt;= 6級(每秒&gt;= 11公尺)。相對濕度65%。</WeatherDescription>
            </ElementValue>
          </Time>
          <Time>
            <StartTime>2025-12-05T00:00:00+08:00</StartTime>
            <EndTime>2025-12-06T00:00:00+08:00</EndTime>
            <ElementValue>
              <WeatherDescription>多雲。溫度攝氏17至22度。稍有寒意至舒適。東北風 風速5級(每秒9公尺)。相對濕度67%。</WeatherDescription>
            </ElementValue>
          </Time>
          <Time>
            <StartTime>2025-12-06T00:00:00+08:00</StartTime>
            <EndTime>2025-12-07T00:00:00+08:00</EndTime>
            <ElementValue>
              <WeatherDescription>晴時多雲。溫度攝氏17至23度。稍有寒意至舒適。東北風 風速5級(每秒9公尺)。相對濕度70%。</WeatherDescription>
            </ElementValue>
          </Time>
          <Time>
            <StartTime>2025-12-07T00:00:00+08:00</StartTime>
            <EndTime>2025-12-08T00:00:00+08:00</EndTime>
            <ElementValue>
              <WeatherDescription>晴時多雲。溫度攝氏17至23度。稍有寒意至舒適。偏東風 風速4級(每秒7公尺)。相對濕度73%。</WeatherDescription>
            </ElementValue>
          </Time>
        </WeatherElement>
      </Location>
    </Locations>
  </Dataset>
</cwaopendata>
