<?xml version="1.0" encoding="utf-8"?>
<cwaopendata xmlns="urn:cwa:gov:tw:cwacommon:0.1">
  <Identifier>9fa1f24b-dc61-4f18-bf46-29248dddb560</Identifier>
  <Sender>weather@cwa.gov.tw</Sender>
  <Sent>2025-12-06T00:18:07+08:00</Sent>
  <Status>Actual</Status>
  <Scope>Public</Scope>
  <MsgType>Issue</MsgType>
  <Dataid>null</Dataid>
  <Source>MFC</Source>
  <Dataset>
    <DatasetInfo>
      <DatasetDescription>Seven Days Weather Forecast of 368 towhships</DatasetDescription>
      <DatasetLanguage>EN</DatasetLanguage>
      <DataValueInfo>
        <Temperature description="average temperature" unit="degrees Celsius"/>
        <DewPoint description="average dew point temperature" unit="degrees Celsius"/>
        <MaxTemperature description="maximum temperature" unit="degrees Celsius"/>
        <MinTemperature description="minimum temperature" unit="degrees Celsius"/>
        <MaxApparentTemperature description="maximum apparent temperature" unit="degrees Celsius"/>
        <MinApparentTemperature description="minimum apparent temperature" unit="degrees Celsius"/>
        <MaxComfortIndex description="maximum comfort index" unit="NA"/>
        <MaxComfortIndexDescription description="maximum comfort index description" unit="NA"/>
        <MinComfortIndex description="minimum comfort index" unit="NA"/>
        <MinComfortIndexDescription description="minimum comfort index description" unit="NA"/>
        <RelativeHumidity description="average relative humidity" unit="%"/>
        <WindDirection description="wind direction" unit="8 directions"/>
        <WindSpeed description="wind speed" unit="m/s"/>
        <BeaufortScale description="Beaufort scale" unit="Beaufort scale"/>
        <ProbabilityOfPrecipitation description="24 hours probability of precipitation" unit="%"/>
        <UVIndex description="ultraviolet index" unit="NA"/>
        <UVExposureLevel description="ultraviolet exposure level" unit="NA"/>
        <Weather description="weather" unit="NA"/>
        <WeatherCode description="weather code" unit="NA"/>
        <WeatherDescription description="weather description" unit="NA"/>
      </DataValueInfo>
      <IssueTime>2025-12-05T23:00:00+08:00</IssueTime>
      <ValidTime>
        <StartTime>2025-12-06T00:00:00+08:00</StartTime>
        <EndTime>2025-12-13T00:00:00+08:00</EndTime>
      </ValidTime>
      <Update>2025-12-06T00:18:07+08:00</Update>
    </DatasetInfo>
    <Locations>
      <LocationsName>Hsinchu City</LocationsName>
      <Location>
        <LocationName>East Distric</LocationName>
        <Geocode>10018010</Geocode>
        <Latitude>24.806995</Latitude>
        <Longitude>120.965302</Longitude>
        <WeatherElement>
          <ElementName>Average Temperature</ElementName>
          <Time>
            <StartTime>2025-12-06T00:00:00+08:00</StartTime>
            <EndTime>2025-12-07T00:00:00+08:00</EndTime>
            <ElementValue>
              <Temperature>19</Temperature>
            </ElementValue>
          </Time>
          <Time>
            <StartTime>2025-12-07T00:00:00+08:00</StartTime>
            <EndTime>2025-12-08T00:00:00+08:00</EndTime>
            <ElementValue>
              <Temperature>20</Temperature>
            </ElementValue>
          </Time>
          <Time>
            <StartTime>2025-12-08T00:00:00+08:00</StartTime>
            <EndTime>2025-12-09T00:00:00+08:00</EndTime>
            <ElementValue>
              <Temperature>19</Temperature>
            </ElementValue>
          </Time>
          <Time>
            <StartTime>2025-12-09T00:00:00+08:00</StartTime>
            <EndTime>2025-12-10T00:00:00+08:00</EndTime>
            <ElementValue>
              <Temperature>20</Temperature>
            </ElementValue>
          </Time>
          <Time>
            <StartTime>2025-12-10T00:00:00+08:00</StartTime>
            <EndTime>2025-12-11T00:00:00+08:00</EndTime>
            <ElementValue>
              <Temperature>20</Temperature>
            </ElementValue>
          </Time>
          <Time>
            <StartTime>2025-12-11T00:00:00+08:00</StartTime>
            <EndTime>2025-12-12T00:00:00+08:00</EndTime>
            <ElementValue>
              <Temperature>20</Temperature>
            </ElementValue>
          </Time>
          <Time>
            <StartTime>2025-12-12T00:00:00+08:00</StartTime>
            <EndTime>2025-12-13T00:00:00+08:00</EndTime>
            <ElementValue>
              <Temperature>20</Temperature>
            </ElementValue>
          </Time>
        </WeatherElement>
        <WeatherElement>
          <ElementName>Maximum Temperature</ElementName>
          <Time>
            <StartTime>2025-12-06T00:00:00+08:00</StartTime>
            <EndTime>2025-12-07T00:00:00+08:00</EndTime>
            <ElementValue>
              <MaxTemperature>23</MaxTemperature>
            </ElementValue>
          </Time>
          <Time>
            <StartTime>2025-12-07T00:00:00+08:00</StartTime>
            <EndTime>2025-12-08T00:00:00+08:00</EndTime>
            <ElementValue>
              <MaxTemperature>25</MaxTemperature>
            </ElementValue>
          </Time>
          <Time>
            <StartTime>2025-12-08T00:00:00+08:00</StartTime>
            <EndTime>2025-12-09T00:00:00+08:00</EndTime>
            <ElementValue>
              <MaxTemperature>22</MaxTemperature>
            </ElementValue>
          </Time>
          <Time>
            <StartTime>2025-12-09T00:00:00+08:00</StartTime>
            <EndTime>2025-12-10T00:00:00+08:00</EndTime>
            <ElementValue>
              <MaxTemperature>23</MaxTemperature>
            </ElementValue>
          </Time>
          <Time>
            <StartTime>2025-12-10T00:00:00+08:00</StartTime>
            <EndTime>2025-12-11T00:00:00+08:00</EndTime>
            <ElementValue>
              <MaxTemperature>24</MaxTemperature>
            </ElementValue>
          </Time>
          <Time>
            <StartTime>2025-12-11T00:00:00+08:00</StartTime>
            <EndTime>2025-12-12T00:00:00+08:00</EndTime>
            <ElementValue>
              <MaxTemperature>25</MaxTemperature>
            </ElementValue>
          </Time>
          <Time>
            <StartTime>2025-12-12T00:00:00+08:00</StartTime>
            <EndTime>2025-12-13T00:00:00+08:00</EndTime>
            <ElementValue>
              <MaxTemperature>23</MaxTemperature>
            </ElementValue>
          </Time>
        </WeatherElement>
        <WeatherElement>
          <ElementName>Minimum Temperature</ElementName>
          <Time>
            <StartTime>2025-12-06T00:00:00+08:00</StartTime>
            <EndTime>2025-12-07T00:00:00+08:00</EndTime>
            <ElementValue>
              <MinTemperature>17</MinTemperature>
            </ElementValue>
          </Time>
          <Time>
            <StartTime>2025-12-07T00:00:00+08:00</StartTime>
            <EndTime>2025-12-08T00:00:00+08:00</EndTime>
            <ElementValue>
              <MinTemperature>18</MinTemperature>
            </ElementValue>
          </Time>
          <Time>
            <StartTime>2025-12-08T00:00:00+08:00</StartTime>
            <EndTime>2025-12-09T00:00:00+08:00</EndTime>
            <ElementValue>
              <MinTemperature>16</MinTemperature>
            </ElementValue>
          </Time>
          <Time>
            <StartTime>2025-12-09T00:00:00+08:00</StartTime>
            <EndTime>2025-12-10T00:00:00+08:00</EndTime>
            <ElementValue>
              <MinTemperature>18</MinTemperature>
            </ElementValue>
          </Time>
          <Time>
            <StartTime>2025-12-10T00:00:00+08:00</StartTime>
            <EndTime>2025-12-11T00:00:00+08:00</EndTime>
            <ElementValue>
              <MinTemperature>18</MinTemperature>
            </ElementValue>
          </Time>
          <Time>
            <StartTime>2025-12-11T00:00:00+08:00</StartTime>
            <EndTime>2025-12-12T00:00:00+08:00</EndTime>
            <ElementValue>
              <MinTemperature>18</MinTemperature>
            </ElementValue>
          </Time>
          <Time>
            <StartTime>2025-12-12T00:00:00+08:00</StartTime>
            <EndTime>2025-12-13T00:00:00+08:00</EndTime>
            <ElementValue>
              <MinTemperature>18</MinTemperature>
            </ElementValue>
          </Time>
        </WeatherElement>
        <WeatherElement>
          <ElementName>Average Dew Point Temperature</ElementName>
          <Time>
            <StartTime>2025-12-06T00:00:00+08:00</StartTime>
            <EndTime>2025-12-07T00:00:00+08:00</EndTime>
            <ElementValue>
              <DewPoint>15</DewPoint>
            </ElementValue>
          </Time>
          <Time>
            <StartTime>2025-12-07T00:00:00+08:00</StartTime>
            <EndTime>2025-12-08T00:00:00+08:00</EndTime>
            <ElementValue>
              <DewPoint>15</DewPoint>
            </ElementValue>
          </Time>
          <Time>
            <StartTime>2025-12-08T00:00:00+08:00</StartTime>
            <EndTime>2025-12-09T00:00:00+08:00</EndTime>
            <ElementValue>
              <DewPoint>16</DewPoint>
            </ElementValue>
          </Time>
          <Time>
            <StartTime>2025-12-09T00:00:00+08:00</StartTime>
            <EndTime>2025-12-10T00:00:00+08:00</EndTime>
            <ElementValue>
              <DewPoint>16</DewPoint>
            </ElementValue>
          </Time>
          <Time>
            <StartTime>2025-12-10T00:00:00+08:00</StartTime>
            <EndTime>2025-12-11T00:00:00+08:00</EndTime>
            <ElementValue>
              <DewPoint>17</DewPoint>
            </ElementValue>
          </Time>
          <Time>
            <StartTime>2025-12-11T00:00:00+08:00</StartTime>
            <EndTime>2025-12-12T00:00:00+08:00</EndTime>
            <ElementValue>
              <DewPoint>18</DewPoint>
            </ElementValue>
          </Time>
          <Time>
            <StartTime>2025-12-12T00:00:00+08:00</StartTime>
            <EndTime>2025-12-13T00:00:00+08:00</EndTime>
            <ElementValue>
              <DewPoint>16</DewPoint>
            </ElementValue>
          </Time>
        </WeatherElement>
        <WeatherElement>
          <ElementName>Average Relative Humidity</ElementName>
          <Time>
            <StartTime>2025-12-06T00:00:00+08:00</StartTime>
            <EndTime>2025-12-07T00:00:00+08:00</EndTime>
            <ElementValue>
              <RelativeHumidity>74</RelativeHumidity>
            </ElementValue>
          </Time>
          <Time>
            <StartTime>2025-12-07T00:00:00+08:00</StartTime>
            <EndTime>2025-12-08T00:00:00+08:00</EndTime>
            <ElementValue>
              <RelativeHumidity>75</RelativeHumidity>
            </ElementValue>
          </Time>
          <Time>
            <StartTime>2025-12-08T00:00:00+08:00</StartTime>
            <EndTime>2025-12-09T00:00:00+08:00</EndTime>
            <ElementValue>
              <RelativeHumidity>83</RelativeHumidity>
            </ElementValue>
          </Time>
          <Time>
            <StartTime>2025-12-09T00:00:00+08:00</StartTime>
            <EndTime>2025-12-10T00:00:00+08:00</EndTime>
            <ElementValue>
              <RelativeHumidity>79</RelativeHumidity>
            </ElementValue>
          </Time>
          <Time>
            <StartTime>2025-12-10T00:00:00+08:00</StartTime>
            <EndTime>2025-12-11T00:00:00+08:00</EndTime>
            <ElementValue>
              <RelativeHumidity>84</RelativeHumidity>
            </ElementValue>
          </Time>
          <Time>
            <StartTime>2025-12-11T00:00:00+08:00</StartTime>
            <EndTime>2025-12-12T00:00:00+08:00</EndTime>
            <ElementValue>
              <RelativeHumidity>86</RelativeHumidity>
            </ElementValue>
          </Time>
          <Time>
            <StartTime>2025-12-12T00:00:00+08:00</StartTime>
            <EndTime>2025-12-13T00:00:00+08:00</EndTime>
            <ElementValue>
              <RelativeHumidity>80</RelativeHumidity>
            </ElementValue>
          </Time>
        </WeatherElement>
        <WeatherElement>
          <ElementName>Maximum Apparent Temperature</ElementName>
          <Time>
            <StartTime>2025-12-06T00:00:00+08:00</StartTime>
            <EndTime>2025-12-07T00:00:00+08:00</EndTime>
            <ElementValue>
              <MaxApparentTemperature>23</MaxApparentTemperature>
            </ElementValue>
          </Time>
          <Time>
            <StartTime>2025-12-07T00:00:00+08:00</StartTime>
            <EndTime>2025-12-08T00:00:00+08:00</EndTime>
            <ElementValue>
              <MaxApparentTemperature>26</MaxApparentTemperature>
            </ElementValue>
          </Time>
          <Time>
            <StartTime>2025-12-08T00:00:00+08:00</StartTime>
            <EndTime>2025-12-09T00:00:00+08:00</EndTime>
            <ElementValue>
              <MaxApparentTemperature>22</MaxApparentTemperature>
            </ElementValue>
          </Time>
          <Time>
            <StartTime>2025-12-09T00:00:00+08:00</StartTime>
            <EndTime>2025-12-10T00:00:00+08:00</EndTime>
            <ElementValue>
              <MaxApparentTemperature>24</MaxApparentTemperature>
            </ElementValue>
          </Time>
          <Time>
            <StartTime>2025-12-10T00:00:00+08:00</StartTime>
            <EndTime>2025-12-11T00:00:00+08:00</EndTime>
            <ElementValue>
              <MaxApparentTemperature>27</MaxApparentTemperature>
            </ElementValue>
          </Time>
          <Time>
            <StartTime>2025-12-11T00:00:00+08:00</StartTime>
            <EndTime>2025-12-12T00:00:00+08:00</EndTime>
            <ElementValue>
              <MaxApparentTemperature>27</MaxApparentTemperature>
            </ElementValue>
          </Time>
          <Time>
            <StartTime>2025-12-12T00:00:00+08:00</StartTime>
            <EndTime>2025-12-13T00:00:00+08:00</EndTime>
            <ElementValue>
              <MaxApparentTemperature>26</MaxApparentTemperature>
            </ElementValue>
          </Time>
        </WeatherElement>
        <WeatherElement>
          <ElementName>Minimum Apparent Temperature</ElementName>
          <Time>
            <StartTime>2025-12-06T00:00:00+08:00</StartTime>
            <EndTime>2025-12-07T00:00:00+08:00</EndTime>
            <ElementValue>
              <MinApparentTemperature>16</MinApparentTemperature>
            </ElementValue>
          </Time>
          <Time>
            <StartTime>2025-12-07T00:00:00+08:00</StartTime>
            <EndTime>2025-12-08T00:00:00+08:00</EndTime>
            <ElementValue>
              <MinApparentTemperature>17</MinApparentTemperature>
            </ElementValue>
          </Time>
          <Time>
            <StartTime>2025-12-08T00:00:00+08:00</StartTime>
            <EndTime>2025-12-09T00:00:00+08:00</EndTime>
            <ElementValue>
              <MinApparentTemperature>16</MinApparentTemperature>
            </ElementValue>
          </Time>
          <Time>
            <StartTime>2025-12-09T00:00:00+08:00</StartTime>
            <EndTime>2025-12-10T00:00:00+08:00</EndTime>
            <ElementValue>
              <MinApparentTemperature>18</MinApparentTemperature>
            </ElementValue>
          </Time>
          <Time>
            <StartTime>2025-12-10T00:00:00+08:00</StartTime>
            <EndTime>2025-12-11T00:00:00+08:00</EndTime>
            <ElementValue>
              <MinApparentTemperature>19</MinApparentTemperature>
            </ElementValue>
          </Time>
          <Time>
            <StartTime>2025-12-11T00:00:00+08:00</StartTime>
            <EndTime>2025-12-12T00:00:00+08:00</EndTime>
            <ElementValue>
              <MinApparentTemperature>19</MinApparentTemperature>
            </ElementValue>
          </Time>
          <Time>
            <StartTime>2025-12-12T00:00:00+08:00</StartTime>
            <EndTime>2025-12-13T00:00:00+08:00</EndTime>
            <ElementValue>
              <MinApparentTemperature>20</MinApparentTemperature>
            </ElementValue>
          </Time>
        </WeatherElement>
        <WeatherElement>
          <ElementName>Maximum Comfort Index</ElementName>
          <Time>
            <StartTime>2025-12-06T00:00:00+08:00</StartTime>
            <EndTime>2025-12-07T00:00:00+08:00</EndTime>
            <ElementValue>
              <MaxComfortIndex>21</MaxComfortIndex>
              <MaxComfortIndexDescription>Comfortable</MaxComfortIndexDescription>
            </ElementValue>
          </Time>
          <Time>
            <StartTime>2025-12-07T00:00:00+08:00</StartTime>
            <EndTime>2025-12-08T00:00:00+08:00</EndTime>
            <ElementValue>
              <MaxComfortIndex>23</MaxComfortIndex>
              <MaxComfortIndexDescription>Comfortable</MaxComfortIndexDescription>
            </ElementValue>
          </Time>
          <Time>
            <StartTime>2025-12-08T00:00:00+08:00</StartTime>
            <EndTime>2025-12-09T00:00:00+08:00</EndTime>
            <ElementValue>
              <MaxComfortIndex>21</MaxComfortIndex>
              <MaxComfortIndexDescription>Comfortable</MaxComfortIndexDescription>
            </ElementValue>
          </Time>
          <Time>
            <StartTime>2025-12-09T00:00:00+08:00</StartTime>
            <EndTime>2025-12-10T00:00:00+08:00</EndTime>
            <ElementValue>
              <MaxComfortIndex>22</MaxComfortIndex>
              <MaxComfortIndexDescription>Comfortable</MaxComfortIndexDescription>
            </ElementValue>
          </Time>
          <Time>
            <StartTime>2025-12-10T00:00:00+08:00</StartTime>
            <EndTime>2025-12-11T00:00:00+08:00</EndTime>
            <ElementValue>
              <MaxComfortIndex>22</MaxComfortIndex>
              <MaxComfortIndexDescription>Comfortable</MaxComfortIndexDescription>
            </ElementValue>
          </Time>
          <Time>
            <StartTime>2025-12-11T00:00:00+08:00</StartTime>
            <EndTime>2025-12-12T00:00:00+08:00</EndTime>
            <ElementValue>
              <MaxComfortIndex>23</MaxComfortIndex>
              <MaxComfortIndexDescription>Comfortable</MaxComfortIndexDescription>
            </ElementValue>
          </Time>
          <Time>
            <StartTime>2025-12-12T00:00:00+08:00</StartTime>
            <EndTime>2025-12-13T00:00:00+08:00</EndTime>
            <ElementValue>
              <MaxComfortIndex>22</MaxComfortIndex>
              <MaxComfortIndexDescription>Comfortable</MaxComfortIndexDescription>
            </ElementValue>
          </Time>
        </WeatherElement>
        <WeatherElement>
          <ElementName>Minimum Comfort Index</ElementName>
          <Time>
            <StartTime>2025-12-06T00:00:00+08:00</StartTime>
            <EndTime>2025-12-07T00:00:00+08:00</EndTime>
            <ElementValue>
              <MinComfortIndex>16</MinComfortIndex>
              <MinComfortIndexDescription>Cool</MinComfortIndexDescription>
            </ElementValue>
          </Time>
          <Time>
            <StartTime>2025-12-07T00:00:00+08:00</StartTime>
            <EndTime>2025-12-08T00:00:00+08:00</EndTime>
            <ElementValue>
              <MinComfortIndex>17</MinComfortIndex>
              <MinComfortIndexDescription>Cool</MinComfortIndexDescription>
            </ElementValue>
          </Time>
          <Time>
            <StartTime>2025-12-08T00:00:00+08:00</StartTime>
            <EndTime>2025-12-09T00:00:00+08:00</EndTime>
            <ElementValue>
              <MinComfortIndex>15</MinComfortIndex>
              <MinComfortIndexDescription>Cold</MinComfortIndexDescription>
            </ElementValue>
          </Time>
          <Time>
            <StartTime>2025-12-09T00:00:00+08:00</StartTime>
            <EndTime>2025-12-10T00:00:00+08:00</EndTime>
            <ElementValue>
              <MinComfortIndex>18</MinComfortIndex>
              <MinComfortIndexDescription>Cool</MinComfortIndexDescription>
            </ElementValue>
          </Time>
          <Time>
            <StartTime>2025-12-10T00:00:00+08:00</StartTime>
            <EndTime>2025-12-11T00:00:00+08:00</EndTime>
            <ElementValue>
              <MinComfortIndex>17</MinComfortIndex>
              <MinComfortIndexDescription>Cool</MinComfortIndexDescription>
            </ElementValue>
          </Time>
          <Time>
            <StartTime>2025-12-11T00:00:00+08:00</StartTime>
            <EndTime>2025-12-12T00:00:00+08:00</EndTime>
            <ElementValue>
              <MinComfortIndex>18</MinComfortIndex>
              <MinComfortIndexDescription>Cool</MinComfortIndexDescription>
            </ElementValue>
          </Time>
          <Time>
            <StartTime>2025-12-12T00:00:00+08:00</StartTime>
            <EndTime>2025-12-13T00:00:00+08:00</EndTime>
            <ElementValue>
              <MinComfortIndex>17</MinComfortIndex>
              <MinComfortIndexDescription>Cool</MinComfortIndexDescription>
            </ElementValue>
          </Time>
        </WeatherElement>
        <WeatherElement>
          <ElementName>Wind Speed</ElementName>
          <Time>
            <StartTime>2025-12-06T00:00:00+08:00</StartTime>
            <EndTime>2025-12-07T00:00:00+08:00</EndTime>
            <ElementValue>
              <WindSpeed>5</WindSpeed>
              <BeaufortScale>3</BeaufortScale>
            </ElementValue>
          </Time>
          <Time>
            <StartTime>2025-12-07T00:00:00+08:00</StartTime>
            <EndTime>2025-12-08T00:00:00+08:00</EndTime>
            <ElementValue>
              <WindSpeed>3</WindSpeed>
              <BeaufortScale>2</BeaufortScale>
            </ElementValue>
          </Time>
          <Time>
            <StartTime>2025-12-08T00:00:00+08:00</StartTime>
            <EndTime>2025-12-09T00:00:00+08:00</EndTime>
            <ElementValue>
              <WindSpeed>4</WindSpeed>
              <BeaufortScale>3</BeaufortScale>
            </ElementValue>
          </Time>
          <Time>
            <StartTime>2025-12-09T00:00:00+08:00</StartTime>
            <EndTime>2025-12-10T00:00:00+08:00</EndTime>
            <ElementValue>
              <WindSpeed>4</WindSpeed>
              <BeaufortScale>3</BeaufortScale>
            </ElementValue>
          </Time>
          <Time>
            <StartTime>2025-12-10T00:00:00+08:00</StartTime>
            <EndTime>2025-12-11T00:00:00+08:00</EndTime>
            <ElementValue>
              <WindSpeed>1</WindSpeed>
              <BeaufortScale>&lt;= 1</BeaufortScale>
            </ElementValue>
          </Time>
          <Time>
            <StartTime>2025-12-11T00:00:00+08:00</StartTime>
            <EndTime>2025-12-12T00:00:00+08:00</EndTime>
            <ElementValue>
              <WindSpeed>3</WindSpeed>
              <BeaufortScale>2</BeaufortScale>
            </ElementValue>
          </Time>
          <Time>
            <StartTime>2025-12-12T00:00:00+08:00</StartTime>
            <EndTime>2025-12-13T00:00:00+08:00</EndTime>
            <ElementValue>
              <WindSpeed>1</WindSpeed>
              <BeaufortScale>&lt;= 1</BeaufortScale>
            </ElementValue>
          </Time>
        </WeatherElement>
        <WeatherElement>
          <ElementName>Wind Direction</ElementName>
          <Time>
            <StartTime>2025-12-06T00:00:00+08:00</StartTime>
            <EndTime>2025-12-07T00:00:00+08:00</EndTime>
            <ElementValue>
              <WindDirection>NE</WindDirection>
            </ElementValue>
          </Time>
          <Time>
            <StartTime>2025-12-07T00:00:00+08:00</StartTime>
            <EndTime>2025-12-08T00:00:00+08:00</EndTime>
            <ElementValue>
              <WindDirection>NE</WindDirection>
            </ElementValue>
          </Time>
          <Time>
            <StartTime>2025-12-08T00:00:00+08:00</StartTime>
            <EndTime>2025-12-09T00:00:00+08:00</EndTime>
            <ElementValue>
              <WindDirection>NE</WindDirection>
            </ElementValue>
          </Time>
          <Time>
            <StartTime>2025-12-09T00:00:00+08:00</StartTime>
            <EndTime>2025-12-10T00:00:00+08:00</EndTime>
            <ElementValue>
              <WindDirection>NE</WindDirection>
            </ElementValue>
          </Time>
          <Time>
            <StartTime>2025-12-10T00:00:00+08:00</StartTime>
            <EndTime>2025-12-11T00:00:00+08:00</EndTime>
            <ElementValue>
              <WindDirection>E</WindDirection>
            </ElementValue>
          </Time>
          <Time>
            <StartTime>2025-12-11T00:00:00+08:00</StartTime>
            <EndTime>2025-12-12T00:00:00+08:00</EndTime>
            <ElementValue>
              <WindDirection>NE</WindDirection>
            </ElementValue>
          </Time>
          <Time>
            <StartTime>2025-12-12T00:00:00+08:00</StartTime>
            <EndTime>2025-12-13T00:00:00+08:00</EndTime>
            <ElementValue>
              <WindDirection>E</WindDirection>
            </ElementValue>
          </Time>
        </WeatherElement>
        <WeatherElement>
          <ElementName>24 Hours Probability Of Precipitation</ElementName>
          <Time>
            <StartTime>2025-12-06T00:00:00+08:00</StartTime>
            <EndTime>2025-12-07T00:00:00+08:00</EndTime>
            <ElementValue>
              <ProbabilityOfPrecipitation>10</ProbabilityOfPrecipitation>
            </ElementValue>
          </Time>
          <Time>
            <StartTime>2025-12-07T00:00:00+08:00</StartTime>
            <EndTime>2025-12-08T00:00:00+08:00</EndTime>
            <ElementValue>
              <ProbabilityOfPrecipitation>10</ProbabilityOfPrecipitation>
            </ElementValue>
          </Time>
          <Time>
            <StartTime>2025-12-08T00:00:00+08:00</StartTime>
            <EndTime>2025-12-09T00:00:00+08:00</EndTime>
            <ElementValue>
              <ProbabilityOfPrecipitation>20</ProbabilityOfPrecipitation>
            </ElementValue>
          </Time>
          <Time>
            <StartTime>2025-12-09T00:00:00+08:00</StartTime>
            <EndTime>2025-12-10T00:00:00+08:00</EndTime>
            <ElementValue>
              <ProbabilityOfPrecipitation>-</ProbabilityOfPrecipitation>
            </ElementValue>
          </Time>
          <Time>
            <StartTime>2025-12-10T00:00:00+08:00</StartTime>
            <EndTime>2025-12-11T00:00:00+08:00</EndTime>
            <ElementValue>
              <ProbabilityOfPrecipitation>-</ProbabilityOfPrecipitation>
            </ElementValue>
          </Time>
          <Time>
            <StartTime>2025-12-11T00:00:00+08:00</StartTime>
            <EndTime>2025-12-12T00:00:00+08:00</EndTime>
            <ElementValue>
              <ProbabilityOfPrecipitation>-</ProbabilityOfPrecipitation>
            </ElementValue>
          </Time>
          <Time>
            <StartTime>2025-12-12T00:00:00+08:00</StartTime>
            <EndTime>2025-12-13T00:00:00+08:00</EndTime>
            <ElementValue>
              <ProbabilityOfPrecipitation>-</ProbabilityOfPrecipitation>
            </ElementValue>
          </Time>
        </WeatherElement>
        <WeatherElement>
          <ElementName>Weather</ElementName>
          <Time>
            <StartTime>2025-12-06T00:00:00+08:00</StartTime>
            <EndTime>2025-12-07T00:00:00+08:00</EndTime>
            <ElementValue>
              <Weather>Mostly clear</Weather>
              <WeatherCode>02</WeatherCode>
            </ElementValue>
          </Time>
          <Time>
            <StartTime>2025-12-07T00:00:00+08:00</StartTime>
            <EndTime>2025-12-08T00:00:00+08:00</EndTime>
            <ElementValue>
              <Weather>Mostly clear</Weather>
              <WeatherCode>02</WeatherCode>
            </ElementValue>
          </Time>
          <Time>
            <StartTime>2025-12-08T00:00:00+08:00</StartTime>
            <EndTime>2025-12-09T00:00:00+08:00</EndTime>
            <ElementValue>
              <Weather>Mostly clear</Weather>
              <WeatherCode>02</WeatherCode>
            </ElementValue>
          </Time>
          <Time>
            <StartTime>2025-12-09T00:00:00+08:00</StartTime>
            <EndTime>2025-12-10T00:00:00+08:00</EndTime>
            <ElementValue>
              <Weather>Mostly clear</Weather>
              <WeatherCode>02</WeatherCode>
            </ElementValue>
          </Time>
          <Time>
            <StartTime>2025-12-10T00:00:00+08:00</StartTime>
            <EndTime>2025-12-11T00:00:00+08:00</EndTime>
            <ElementValue>
              <Weather>Mostly clear</Weather>
              <WeatherCode>02</WeatherCode>
            </ElementValue>
          </Time>
          <Time>
            <StartTime>2025-12-11T00:00:00+08:00</StartTime>
            <EndTime>2025-12-12T00:00:00+08:00</EndTime>
            <ElementValue>
              <Weather>Mostly clear</Weather>
              <WeatherCode>02</WeatherCode>
            </ElementValue>
          </Time>
          <Time>
            <StartTime>2025-12-12T00:00:00+08:00</StartTime>
            <EndTime>2025-12-13T00:00:00+08:00</EndTime>
            <ElementValue>
              <Weather>Mostly clear</Weather>
              <WeatherCode>02</WeatherCode>
            </ElementValue>
          </Time>
        </WeatherElement>
        <WeatherElement>
          <ElementName>Ultraviolet Index</ElementName>
          <Time>
            <StartTime>2025-12-06T00:00:00+08:00</StartTime>
            <EndTime>2025-12-07T00:00:00+08:00</EndTime>
            <ElementValue>
              <UVIndex>5</UVIndex>
              <UVExposureLevel>Moderate</UVExposureLevel>
            </ElementValue>
          </Time>
          <Time>
            <StartTime>2025-12-07T00:00:00+08:00</StartTime>
            <EndTime>2025-12-08T00:00:00+08:00</EndTime>
            <ElementValue>
              <UVIndex>5</UVIndex>
              <UVExposureLevel>Moderate</UVExposureLevel>
            </ElementValue>
          </Time>
          <Time>
            <StartTime>2025-12-08T00:00:00+08:00</StartTime>
            <EndTime>2025-12-09T00:00:00+08:00</EndTime>
            <ElementValue>
              <UVIndex>4</UVIndex>
              <UVExposureLevel>Moderate</UVExposureLevel>
            </ElementValue>
          </Time>
          <Time>
            <StartTime>2025-12-09T00:00:00+08:00</StartTime>
            <EndTime>2025-12-10T00:00:00+08:00</EndTime>
            <ElementValue>
              <UVIndex>5</UVIndex>
              <UVExposureLevel>Moderate</UVExposureLevel>
            </ElementValue>
          </Time>
          <Time>
            <StartTime>2025-12-10T00:00:00+08:00</StartTime>
            <EndTime>2025-12-11T00:00:00+08:00</EndTime>
            <ElementValue>
              <UVIndex>5</UVIndex>
              <UVExposureLevel>Moderate</UVExposureLevel>
            </ElementValue>
          </Time>
          <Time>
            <StartTime>2025-12-11T00:00:00+08:00</StartTime>
            <EndTime>2025-12-12T00:00:00+08:00</EndTime>
            <ElementValue>
              <UVIndex>5</UVIndex>
              <UVExposureLevel>Moderate</UVExposureLevel>
            </ElementValue>
          </Time>
          <Time>
            <StartTime>2025-12-12T00:00:00+08:00</StartTime>
            <EndTime>2025-12-13T00:00:00+08:00</EndTime>
            <ElementValue>
              <UVIndex>5</UVIndex>
              <UVExposureLevel>Moderate</UVExposureLevel>
            </ElementValue>
          </Time>
        </WeatherElement>
        <WeatherElement>
          <ElementName>Weather Description</ElementName>
          <Time>
            <StartTime>2025-12-06T00:00:00+08:00</StartTime>
            <EndTime>2025-12-07T00:00:00+08:00</EndTime>
            <ElementValue>
              <WeatherDescription>Mostly clear. Temperature between 17 and 23 centigrade. Cool ~ Comfortable. NorthEast wind 5m/s. Chance of precipitation 10%.</WeatherDescription>
            </ElementValue>
          </Time>
          <Time>
            <StartTime>2025-12-07T00:00:00+08:00</StartTime>
            <EndTime>2025-12-08T00:00:00+08:00</EndTime>
            <ElementValue>
              <WeatherDescription>Mostly clear. Temperature between 18 and 25 centigrade. Cool ~ Comfortable. NorthEast wind 3m/s. Chance of precipitation 10%.</WeatherDescription>
            </ElementValue>
          </Time>
          <Time>
            <StartTime>2025-12-08T00:00:00+08:00</StartTime>
            <EndTime>2025-12-09T00:00:00+08:00</EndTime>
            <ElementValue>
              <WeatherDescription>Mostly clear. Temperature between 16 and 22 centigrade. Cold ~ Comfortable. NorthEast wind 4m/s. Chance of precipitation 20%.</WeatherDescription>
            </ElementValue>
          </Time>
          <Time>
            <StartTime>2025-12-09T00:00:00+08:00</StartTime>
            <EndTime>2025-12-10T00:00:00+08:00</EndTime>
            <ElementValue>
              <WeatherDescription>Mostly clear. Temperature between 18 and 23 centigrade. Cool ~ Comfortable. NorthEast wind 4m/s. Chance of precipitation -%.</WeatherDescription>
            </ElementValue>
          </Time>
          <Time>
            <StartTime>2025-12-10T00:00:00+08:00</StartTime>
            <EndTime>2025-12-11T00:00:00+08:00</EndTime>
            <ElementValue>
              <WeatherDescription>Mostly clear. Temperature between 18 and 24 centigrade. Cool ~ Comfortable. East wind 1m/s. Chance of precipitation -%.</WeatherDescription>
            </ElementValue>
          </Time>
          <Time>
            <StartTime>2025-12-11T00:00:00+08:00</StartTime>
            <EndTime>2025-12-12T00:00:00+08:00</EndTime>
            <ElementValue>
              <WeatherDescription>Mostly clear. Temperature between 18 and 25 centigrade. Cool ~ Comfortable. NorthEast wind 3m/s. Chance of precipitation -%.</WeatherDescription>
            </ElementValue>
          </Time>
          <Time>
            <StartTime>2025-12-12T00:00:00+08:00</StartTime>
            <EndTime>2025-12-13T00:00:00+08:00</EndTime>
            <ElementValue>
              <WeatherDescription>Mostly clear. Temperature between 18 and 23 centigrade. Cool ~ Comfortable. East wind 1m/s. Chance of precipitation -%.</WeatherDescription>
            </ElementValue>
          </Time>
        </WeatherElement>
      </Location>
      <Location>
        <LocationName>North District</LocationName>
        <Geocode>10018020</Geocode>
        <Latitude>24.818109</Latitude>
        <Longitude>120.96211</Longitude>
        <WeatherElement>
          <ElementName>Average Temperature</ElementName>
          <Time>
            <StartTime>2025-12-06T00:00:00+08:00</StartTime>
            <EndTime>2025-12-07T00:00:00+08:00</EndTime>
            <ElementValue>
              <Temperature>19</Temperature>
            </ElementValue>
          </Time>
          <Time>
            <StartTime>2025-12-07T00:00:00+08:00</StartTime>
            <EndTime>2025-12-08T00:00:00+08:00</EndTime>
            <ElementValue>
              <Temperature>20</Temperature>
            </ElementValue>
          </Time>
          <Time>
            <StartTime>2025-12-08T00:00:00+08:00</StartTime>
            <EndTime>2025-12-09T00:00:00+08:00</EndTime>
            <ElementValue>
              <Temperature>19</Temperature>
            </ElementValue>
          </Time>
          <Time>
            <StartTime>2025-12-09T00:00:00+08:00</StartTime>
            <EndTime>2025-12-10T00:00:00+08:00</EndTime>
            <ElementValue>
              <Temperature>20</Temperature>
            </ElementValue>
          </Time>
          <Time>
            <StartTime>2025-12-10T00:00:00+08:00</StartTime>
            <EndTime>2025-12-11T00:00:00+08:00</EndTime>
            <ElementValue>
              <Temperature>20</Temperature>
            </ElementValue>
          </Time>
          <Time>
            <StartTime>2025-12-11T00:00:00+08:00</StartTime>
            <EndTime>2025-12-12T00:00:00+08:00</EndTime>
            <ElementValue>
              <Temperature>20</Temperature>
            </ElementValue>
          </Time>
          <Time>
            <StartTime>2025-12-12T00:00:00+08:00</StartTime>
            <EndTime>2025-12-13T00:00:00+08:00</EndTime>
            <ElementValue>
              <Temperature>20</Temperature>
            </ElementValue>
          </Time>
        </WeatherElement>
        <WeatherElement>
          <ElementName>Maximum Temperature</ElementName>
          <Time>
            <StartTime>2025-12-06T00:00:00+08:00</StartTime>
            <EndTime>2025-12-07T00:00:00+08:00</EndTime>
            <ElementValue>
              <MaxTemperature>23</MaxTemperature>
            </ElementValue>
          </Time>
          <Time>
            <StartTime>2025-12-07T00:00:00+08:00</StartTime>
            <EndTime>2025-12-08T00:00:00+08:00</EndTime>
            <ElementValue>
              <MaxTemperature>25</MaxTemperature>
            </ElementValue>
          </Time>
          <Time>
            <StartTime>2025-12-08T00:00:00+08:00</StartTime>
            <EndTime>2025-12-09T00:00:00+08:00</EndTime>
            <ElementValue>
              <MaxTemperature>22</MaxTemperature>
            </ElementValue>
          </Time>
          <Time>
            <StartTime>2025-12-09T00:00:00+08:00</StartTime>
            <EndTime>2025-12-10T00:00:00+08:00</EndTime>
            <ElementValue>
              <MaxTemperature>23</MaxTemperature>
            </ElementValue>
          </Time>
          <Time>
            <StartTime>2025-12-10T00:00:00+08:00</StartTime>
            <EndTime>2025-12-11T00:00:00+08:00</EndTime>
            <ElementValue>
              <MaxTemperature>24</MaxTemperature>
            </ElementValue>
          </Time>
          <Time>
            <StartTime>2025-12-11T00:00:00+08:00</StartTime>
            <EndTime>2025-12-12T00:00:00+08:00</EndTime>
            <ElementValue>
              <MaxTemperature>24</MaxTemperature>
            </ElementValue>
          </Time>
          <Time>
            <StartTime>2025-12-12T00:00:00+08:00</StartTime>
            <EndTime>2025-12-13T00:00:00+08:00</EndTime>
            <ElementValue>
              <MaxTemperature>23</MaxTemperature>
            </ElementValue>
          </Time>
        </WeatherElement>
        <WeatherElement>
          <ElementName>Minimum Temperature</ElementName>
          <Time>
            <StartTime>2025-12-06T00:00:00+08:00</StartTime>
            <EndTime>2025-12-07T00:00:00+08:00</EndTime>
            <ElementValue>
              <MinTemperature>17</MinTemperature>
            </ElementValue>
          </Time>
          <Time>
            <StartTime>2025-12-07T00:00:00+08:00</StartTime>
            <EndTime>2025-12-08T00:00:00+08:00</EndTime>
            <ElementValue>
              <MinTemperature>18</MinTemperature>
            </ElementValue>
          </Time>
          <Time>
            <StartTime>2025-12-08T00:00:00+08:00</StartTime>
            <EndTime>2025-12-09T00:00:00+08:00</EndTime>
            <ElementValue>
              <MinTemperature>16</MinTemperature>
            </ElementValue>
          </Time>
          <Time>
            <StartTime>2025-12-09T00:00:00+08:00</StartTime>
            <EndTime>2025-12-10T00:00:00+08:00</EndTime>
            <ElementValue>
              <MinTemperature>18</MinTemperature>
            </ElementValue>
          </Time>
          <Time>
            <StartTime>2025-12-10T00:00:00+08:00</StartTime>
            <EndTime>2025-12-11T00:00:00+08:00</EndTime>
            <ElementValue>
              <MinTemperature>18</MinTemperature>
            </ElementValue>
          </Time>
          <Time>
            <StartTime>2025-12-11T00:00:00+08:00</StartTime>
            <EndTime>2025-12-12T00:00:00+08:00</EndTime>
            <ElementValue>
              <MinTemperature>18</MinTemperature>
            </ElementValue>
          </Time>
          <Time>
            <StartTime>2025-12-12T00:00:00+08:00</StartTime>
            <EndTime>2025-12-13T00:00:00+08:00</EndTime>
            <ElementValue>
              <MinTemperature>18</MinTemperature>
            </ElementValue>
          </Time>
        </WeatherElement>
        <WeatherElement>
          <ElementName>Average Dew Point Temperature</ElementName>
          <Time>
            <StartTime>2025-12-06T00:00:00+08:00</StartTime>
            <EndTime>2025-12-07T00:00:00+08:00</EndTime>
            <ElementValue>
              <DewPoint>15</DewPoint>
            </ElementValue>
          </Time>
          <Time>
            <StartTime>2025-12-07T00:00:00+08:00</StartTime>
            <EndTime>2025-12-08T00:00:00+08:00</EndTime>
            <ElementValue>
              <DewPoint>16</DewPoint>
            </ElementValue>
          </Time>
          <Time>
            <StartTime>2025-12-08T00:00:00+08:00</StartTime>
            <EndTime>2025-12-09T00:00:00+08:00</EndTime>
            <ElementValue>
              <DewPoint>16</DewPoint>
            </ElementValue>
          </Time>
          <Time>
            <StartTime>2025-12-09T00:00:00+08:00</StartTime>
            <EndTime>2025-12-10T00:00:00+08:00</EndTime>
            <ElementValue>
              <DewPoint>16</DewPoint>
            </ElementValue>
          </Time>
          <Time>
            <StartTime>2025-12-10T00:00:00+08:00</StartTime>
            <EndTime>2025-12-11T00:00:00+08:00</EndTime>
            <ElementValue>
              <DewPoint>17</DewPoint>
            </ElementValue>
          </Time>
          <Time>
            <StartTime>2025-12-11T00:00:00+08:00</StartTime>
            <EndTime>2025-12-12T00:00:00+08:00</EndTime>
            <ElementValue>
              <DewPoint>18</DewPoint>
            </ElementValue>
          </Time>
          <Time>
            <StartTime>2025-12-12T00:00:00+08:00</StartTime>
            <EndTime>2025-12-13T00:00:00+08:00</EndTime>
            <ElementValue>
              <DewPoint>17</DewPoint>
            </ElementValue>
          </Time>
        </WeatherElement>
        <WeatherElement>
          <ElementName>Average Relative Humidity</ElementName>
          <Time>
            <StartTime>2025-12-06T00:00:00+08:00</StartTime>
            <EndTime>2025-12-07T00:00:00+08:00</EndTime>
            <ElementValue>
              <RelativeHumidity>75</RelativeHumidity>
            </ElementValue>
          </Time>
          <Time>
            <StartTime>2025-12-07T00:00:00+08:00</StartTime>
            <EndTime>2025-12-08T00:00:00+08:00</EndTime>
            <ElementValue>
              <RelativeHumidity>76</RelativeHumidity>
            </ElementValue>
          </Time>
          <Time>
            <StartTime>2025-12-08T00:00:00+08:00</StartTime>
            <EndTime>2025-12-09T00:00:00+08:00</EndTime>
            <ElementValue>
              <RelativeHumidity>85</RelativeHumidity>
            </ElementValue>
          </Time>
          <Time>
            <StartTime>2025-12-09T00:00:00+08:00</StartTime>
            <EndTime>2025-12-10T00:00:00+08:00</EndTime>
            <ElementValue>
              <RelativeHumidity>80</RelativeHumidity>
            </ElementValue>
          </Time>
          <Time>
            <StartTime>2025-12-10T00:00:00+08:00</StartTime>
            <EndTime>2025-12-11T00:00:00+08:00</EndTime>
            <ElementValue>
              <RelativeHumidity>85</RelativeHumidity>
            </ElementValue>
          </Time>
          <Time>
            <StartTime>2025-12-11T00:00:00+08:00</StartTime>
            <EndTime>2025-12-12T00:00:00+08:00</EndTime>
            <ElementValue>
              <RelativeHumidity>87</RelativeHumidity>
            </ElementValue>
          </Time>
          <Time>
            <StartTime>2025-12-12T00:00:00+08:00</StartTime>
            <EndTime>2025-12-13T00:00:00+08:00</EndTime>
            <ElementValue>
              <RelativeHumidity>81</RelativeHumidity>
            </ElementValue>
          </Time>
        </WeatherElement>
        <WeatherElement>
          <ElementName>Maximum Apparent Temperature</ElementName>
          <Time>
            <StartTime>2025-12-06T00:00:00+08:00</StartTime>
            <EndTime>2025-12-07T00:00:00+08:00</EndTime>
            <ElementValue>
              <MaxApparentTemperature>22</MaxApparentTemperature>
            </ElementValue>
          </Time>
          <Time>
            <StartTime>2025-12-07T00:00:00+08:00</StartTime>
            <EndTime>2025-12-08T00:00:00+08:00</EndTime>
            <ElementValue>
              <MaxApparentTemperature>26</MaxApparentTemperature>
            </ElementValue>
          </Time>
          <Time>
            <StartTime>2025-12-08T00:00:00+08:00</StartTime>
            <EndTime>2025-12-09T00:00:00+08:00</EndTime>
            <ElementValue>
              <MaxApparentTemperature>23</MaxApparentTemperature>
            </ElementValue>
          </Time>
          <Time>
            <StartTime>2025-12-09T00:00:00+08:00</StartTime>
            <EndTime>2025-12-10T00:00:00+08:00</EndTime>
            <ElementValue>
              <MaxApparentTemperature>24</MaxApparentTemperature>
            </ElementValue>
          </Time>
          <Time>
            <StartTime>2025-12-10T00:00:00+08:00</StartTime>
            <EndTime>2025-12-11T00:00:00+08:00</EndTime>
            <ElementValue>
              <MaxApparentTemperature>27</MaxApparentTemperature>
            </ElementValue>
          </Time>
          <Time>
            <StartTime>2025-12-11T00:00:00+08:00</StartTime>
            <EndTime>2025-12-12T00:00:00+08:00</EndTime>
            <ElementValue>
              <MaxApparentTemperature>26</MaxApparentTemperature>
            </ElementValue>
          </Time>
          <Time>
            <StartTime>2025-12-12T00:00:00+08:00</StartTime>
            <EndTime>2025-12-13T00:00:00+08:00</EndTime>
            <ElementValue>
              <MaxApparentTemperature>26</MaxApparentTemperature>
            </ElementValue>
          </Time>
        </WeatherElement>
        <WeatherElement>
          <ElementName>Minimum Apparent Temperature</ElementName>
          <Time>
            <StartTime>2025-12-06T00:00:00+08:00</StartTime>
            <EndTime>2025-12-07T00:00:00+08:00</EndTime>
            <ElementValue>
              <MinApparentTemperature>16</MinApparentTemperature>
            </ElementValue>
          </Time>
          <Time>
            <StartTime>2025-12-07T00:00:00+08:00</StartTime>
            <EndTime>2025-12-08T00:00:00+08:00</EndTime>
            <ElementValue>
              <MinApparentTemperature>18</MinApparentTemperature>
            </ElementValue>
          </Time>
          <Time>
            <StartTime>2025-12-08T00:00:00+08:00</StartTime>
            <EndTime>2025-12-09T00:00:00+08:00</EndTime>
            <ElementValue>
              <MinApparentTemperature>16</MinApparentTemperature>
            </ElementValue>
          </Time>
          <Time>
            <StartTime>2025-12-09T00:00:00+08:00</StartTime>
            <EndTime>2025-12-10T00:00:00+08:00</EndTime>
            <ElementValue>
              <MinApparentTemperature>18</MinApparentTemperature>
            </ElementValue>
          </Time>
          <Time>
            <StartTime>2025-12-10T00:00:00+08:00</StartTime>
            <EndTime>2025-12-11T00:00:00+08:00</EndTime>
            <ElementValue>
              <MinApparentTemperature>20</MinApparentTemperature>
            </ElementValue>
          </Time>
          <Time>
            <StartTime>2025-12-11T00:00:00+08:00</StartTime>
            <EndTime>2025-12-12T00:00:00+08:00</EndTime>
            <ElementValue>
              <MinApparentTemperature>20</MinApparentTemperature>
            </ElementValue>
          </Time>
          <Time>
            <StartTime>2025-12-12T00:00:00+08:00</StartTime>
            <EndTime>2025-12-13T00:00:00+08:00</EndTime>
            <ElementValue>
              <MinApparentTemperature>20</MinApparentTemperature>
            </ElementValue>
          </Time>
        </WeatherElement>
        <WeatherElement>
          <ElementName>Maximum Comfort Index</ElementName>
          <Time>
            <StartTime>2025-12-06T00:00:00+08:00</StartTime>
            <EndTime>2025-12-07T00:00:00+08:00</EndTime>
            <ElementValue>
              <MaxComfortIndex>21</MaxComfortIndex>
              <MaxComfortIndexDescription>Comfortable</MaxComfortIndexDescription>
            </ElementValue>
          </Time>
          <Time>
            <StartTime>2025-12-07T00:00:00+08:00</StartTime>
            <EndTime>2025-12-08T00:00:00+08:00</EndTime>
            <ElementValue>
              <MaxComfortIndex>23</MaxComfortIndex>
              <MaxComfortIndexDescription>Comfortable</MaxComfortIndexDescription>
            </ElementValue>
          </Time>
          <Time>
            <StartTime>2025-12-08T00:00:00+08:00</StartTime>
            <EndTime>2025-12-09T00:00:00+08:00</EndTime>
            <ElementValue>
              <MaxComfortIndex>21</MaxComfortIndex>
              <MaxComfortIndexDescription>Comfortable</MaxComfortIndexDescription>
            </ElementValue>
          </Time>
          <Time>
            <StartTime>2025-12-09T00:00:00+08:00</StartTime>
            <EndTime>2025-12-10T00:00:00+08:00</EndTime>
            <ElementValue>
              <MaxComfortIndex>22</MaxComfortIndex>
              <MaxComfortIndexDescription>Comfortable</MaxComfortIndexDescription>
            </ElementValue>
          </Time>
          <Time>
            <StartTime>2025-12-10T00:00:00+08:00</StartTime>
            <EndTime>2025-12-11T00:00:00+08:00</EndTime>
            <ElementValue>
              <MaxComfortIndex>22</MaxComfortIndex>
              <MaxComfortIndexDescription>Comfortable</MaxComfortIndexDescription>
            </ElementValue>
          </Time>
          <Time>
            <StartTime>2025-12-11T00:00:00+08:00</StartTime>
            <EndTime>2025-12-12T00:00:00+08:00</EndTime>
            <ElementValue>
              <MaxComfortIndex>23</MaxComfortIndex>
              <MaxComfortIndexDescription>Comfortable</MaxComfortIndexDescription>
            </ElementValue>
          </Time>
          <Time>
            <StartTime>2025-12-12T00:00:00+08:00</StartTime>
            <EndTime>2025-12-13T00:00:00+08:00</EndTime>
            <ElementValue>
              <MaxComfortIndex>22</MaxComfortIndex>
              <MaxComfortIndexDescription>Comfortable</MaxComfortIndexDescription>
            </ElementValue>
          </Time>
        </WeatherElement>
        <WeatherElement>
          <ElementName>Minimum Comfort Index</ElementName>
          <Time>
            <StartTime>2025-12-06T00:00:00+08:00</StartTime>
            <EndTime>2025-12-07T00:00:00+08:00</EndTime>
            <ElementValue>
              <MinComfortIndex>16</MinComfortIndex>
              <MinComfortIndexDescription>Cool</MinComfortIndexDescription>
            </ElementValue>
          </Time>
          <Time>
            <StartTime>2025-12-07T00:00:00+08:00</StartTime>
            <EndTime>2025-12-08T00:00:00+08:00</EndTime>
            <ElementValue>
              <MinComfortIndex>17</MinComfortIndex>
              <MinComfortIndexDescription>Cool</MinComfortIndexDescription>
            </ElementValue>
          </Time>
          <Time>
            <StartTime>2025-12-08T00:00:00+08:00</StartTime>
            <EndTime>2025-12-09T00:00:00+08:00</EndTime>
            <ElementValue>
              <MinComfortIndex>16</MinComfortIndex>
              <MinComfortIndexDescription>Cool</MinComfortIndexDescription>
            </ElementValue>
          </Time>
          <Time>
            <StartTime>2025-12-09T00:00:00+08:00</StartTime>
            <EndTime>2025-12-10T00:00:00+08:00</EndTime>
            <ElementValue>
              <MinComfortIndex>18</MinComfortIndex>
              <MinComfortIndexDescription>Cool</MinComfortIndexDescription>
            </ElementValue>
          </Time>
          <Time>
            <StartTime>2025-12-10T00:00:00+08:00</StartTime>
            <EndTime>2025-12-11T00:00:00+08:00</EndTime>
            <ElementValue>
              <MinComfortIndex>17</MinComfortIndex>
              <MinComfortIndexDescription>Cool</MinComfortIndexDescription>
            </ElementValue>
          </Time>
          <Time>
            <StartTime>2025-12-11T00:00:00+08:00</StartTime>
            <EndTime>2025-12-12T00:00:00+08:00</EndTime>
            <ElementValue>
              <MinComfortIndex>18</MinComfortIndex>
              <MinComfortIndexDescription>Cool</MinComfortIndexDescription>
            </ElementValue>
          </Time>
          <Time>
            <StartTime>2025-12-12T00:00:00+08:00</StartTime>
            <EndTime>2025-12-13T00:00:00+08:00</EndTime>
            <ElementValue>
              <MinComfortIndex>17</MinComfortIndex>
              <MinComfortIndexDescription>Cool</MinComfortIndexDescription>
            </ElementValue>
          </Time>
        </WeatherElement>
        <WeatherElement>
          <ElementName>Wind Speed</ElementName>
          <Time>
            <StartTime>2025-12-06T00:00:00+08:00</StartTime>
            <EndTime>2025-12-07T00:00:00+08:00</EndTime>
            <ElementValue>
              <WindSpeed>5</WindSpeed>
              <BeaufortScale>3</BeaufortScale>
            </ElementValue>
          </Time>
          <Time>
            <StartTime>2025-12-07T00:00:00+08:00</StartTime>
            <EndTime>2025-12-08T00:00:00+08:00</EndTime>
            <ElementValue>
              <WindSpeed>3</WindSpeed>
              <BeaufortScale>2</BeaufortScale>
            </ElementValue>
          </Time>
          <Time>
            <StartTime>2025-12-08T00:00:00+08:00</StartTime>
            <EndTime>2025-12-09T00:00:00+08:00</EndTime>
            <ElementValue>
              <WindSpeed>4</WindSpeed>
              <BeaufortScale>3</BeaufortScale>
            </ElementValue>
          </Time>
          <Time>
            <StartTime>2025-12-09T00:00:00+08:00</StartTime>
            <EndTime>2025-12-10T00:00:00+08:00</EndTime>
            <ElementValue>
              <WindSpeed>3</WindSpeed>
              <BeaufortScale>2</BeaufortScale>
            </ElementValue>
          </Time>
          <Time>
            <StartTime>2025-12-10T00:00:00+08:00</StartTime>
            <EndTime>2025-12-11T00:00:00+08:00</EndTime>
            <ElementValue>
              <WindSpeed>1</WindSpeed>
              <BeaufortScale>&lt;= 1</BeaufortScale>
            </ElementValue>
          </Time>
          <Time>
            <StartTime>2025-12-11T00:00:00+08:00</StartTime>
            <EndTime>2025-12-12T00:00:00+08:00</EndTime>
            <ElementValue>
              <WindSpeed>3</WindSpeed>
              <BeaufortScale>2</BeaufortScale>
            </ElementValue>
          </Time>
          <Time>
            <StartTime>2025-12-12T00:00:00+08:00</StartTime>
            <EndTime>2025-12-13T00:00:00+08:00</EndTime>
            <ElementValue>
              <WindSpeed>1</WindSpeed>
              <BeaufortScale>&lt;= 1</BeaufortScale>
            </ElementValue>
          </Time>
        </WeatherElement>
        <WeatherElement>
          <ElementName>Wind Direction</ElementName>
          <Time>
            <StartTime>2025-12-06T00:00:00+08:00</StartTime>
            <EndTime>2025-12-07T00:00:00+08:00</EndTime>
            <ElementValue>
              <WindDirection>NE</WindDirection>
            </ElementValue>
          </Time>
          <Time>
            <StartTime>2025-12-07T00:00:00+08:00</StartTime>
            <EndTime>2025-12-08T00:00:00+08:00</EndTime>
            <ElementValue>
              <WindDirection>NE</WindDirection>
            </ElementValue>
          </Time>
          <Time>
            <StartTime>2025-12-08T00:00:00+08:00</StartTime>
            <EndTime>2025-12-09T00:00:00+08:00</EndTime>
            <ElementValue>
              <WindDirection>NE</WindDirection>
            </ElementValue>
          </Time>
          <Time>
            <StartTime>2025-12-09T00:00:00+08:00</StartTime>
            <EndTime>2025-12-10T00:00:00+08:00</EndTime>
            <ElementValue>
              <WindDirection>NE</WindDirection>
            </ElementValue>
          </Time>
          <Time>
            <StartTime>2025-12-10T00:00:00+08:00</StartTime>
            <EndTime>2025-12-11T00:00:00+08:00</EndTime>
            <ElementValue>
              <WindDirection>E</WindDirection>
            </ElementValue>
          </Time>
          <Time>
            <StartTime>2025-12-11T00:00:00+08:00</StartTime>
            <EndTime>2025-12-12T00:00:00+08:00</EndTime>
            <ElementValue>
              <WindDirection>NE</WindDirection>
            </ElementValue>
          </Time>
          <Time>
            <StartTime>2025-12-12T00:00:00+08:00</StartTime>
            <EndTime>2025-12-13T00:00:00+08:00</EndTime>
            <ElementValue>
              <WindDirection>E</WindDirection>
            </ElementValue>
          </Time>
        </WeatherElement>
        <WeatherElement>
          <ElementName>24 Hours Probability Of Precipitation</ElementName>
          <Time>
            <StartTime>2025-12-06T00:00:00+08:00</StartTime>
            <EndTime>2025-12-07T00:00:00+08:00</EndTime>
            <ElementValue>
              <ProbabilityOfPrecipitation>10</ProbabilityOfPrecipitation>
            </ElementValue>
          </Time>
          <Time>
            <StartTime>2025-12-07T00:00:00+08:00</StartTime>
            <EndTime>2025-12-08T00:00:00+08:00</EndTime>
            <ElementValue>
              <ProbabilityOfPrecipitation>10</ProbabilityOfPrecipitation>
            </ElementValue>
          </Time>
          <Time>
            <StartTime>2025-12-08T00:00:00+08:00</StartTime>
            <EndTime>2025-12-09T00:00:00+08:00</EndTime>
            <ElementValue>
              <ProbabilityOfPrecipitation>20</ProbabilityOfPrecipitation>
            </ElementValue>
          </Time>
          <Time>
            <StartTime>2025-12-09T00:00:00+08:00</StartTime>
            <EndTime>2025-12-10T00:00:00+08:00</EndTime>
            <ElementValue>
              <ProbabilityOfPrecipitation>-</ProbabilityOfPrecipitation>
            </ElementValue>
          </Time>
          <Time>
            <StartTime>2025-12-10T00:00:00+08:00</StartTime>
            <EndTime>2025-12-11T00:00:00+08:00</EndTime>
            <ElementValue>
              <ProbabilityOfPrecipitation>-</ProbabilityOfPrecipitation>
            </ElementValue>
          </Time>
          <Time>
            <StartTime>2025-12-11T00:00:00+08:00</StartTime>
            <EndTime>2025-12-12T00:00:00+08:00</EndTime>
            <ElementValue>
              <ProbabilityOfPrecipitation>-</ProbabilityOfPrecipitation>
            </ElementValue>
          </Time>
          <Time>
            <StartTime>2025-12-12T00:00:00+08:00</StartTime>
            <EndTime>2025-12-13T00:00:00+08:00</EndTime>
            <ElementValue>
              <ProbabilityOfPrecipitation>-</ProbabilityOfPrecipitation>
            </ElementValue>
          </Time>
        </WeatherElement>
        <WeatherElement>
          <ElementName>Weather</ElementName>
          <Time>
            <StartTime>2025-12-06T00:00:00+08:00</StartTime>
            <EndTime>2025-12-07T00:00:00+08:00</EndTime>
            <ElementValue>
              <Weather>Mostly clear</Weather>
              <WeatherCode>02</WeatherCode>
            </ElementValue>
          </Time>
          <Time>
            <StartTime>2025-12-07T00:00:00+08:00</StartTime>
            <EndTime>2025-12-08T00:00:00+08:00</EndTime>
            <ElementValue>
              <Weather>Mostly clear</Weather>
              <WeatherCode>02</WeatherCode>
            </ElementValue>
          </Time>
          <Time>
            <StartTime>2025-12-08T00:00:00+08:00</StartTime>
            <EndTime>2025-12-09T00:00:00+08:00</EndTime>
            <ElementValue>
              <Weather>Mostly clear</Weather>
              <WeatherCode>02</WeatherCode>
            </ElementValue>
          </Time>
          <Time>
            <StartTime>2025-12-09T00:00:00+08:00</StartTime>
            <EndTime>2025-12-10T00:00:00+08:00</EndTime>
            <ElementValue>
              <Weather>Mostly clear</Weather>
              <WeatherCode>02</WeatherCode>
            </ElementValue>
          </Time>
          <Time>
            <StartTime>2025-12-10T00:00:00+08:00</StartTime>
            <EndTime>2025-12-11T00:00:00+08:00</EndTime>
            <ElementValue>
              <Weather>Mostly clear</Weather>
              <WeatherCode>02</WeatherCode>
            </ElementValue>
          </Time>
          <Time>
            <StartTime>2025-12-11T00:00:00+08:00</StartTime>
            <EndTime>2025-12-12T00:00:00+08:00</EndTime>
            <ElementValue>
              <Weather>Mostly clear</Weather>
              <WeatherCode>02</WeatherCode>
            </ElementValue>
          </Time>
          <Time>
            <StartTime>2025-12-12T00:00:00+08:00</StartTime>
            <EndTime>2025-12-13T00:00:00+08:00</EndTime>
            <ElementValue>
              <Weather>Mostly clear</Weather>
              <WeatherCode>02</WeatherCode>
            </ElementValue>
          </Time>
        </WeatherElement>
        <WeatherElement>
          <ElementName>Ultraviolet Index</ElementName>
          <Time>
            <StartTime>2025-12-06T00:00:00+08:00</StartTime>
            <EndTime>2025-12-07T00:00:00+08:00</EndTime>
            <ElementValue>
              <UVIndex>5</UVIndex>
              <UVExposureLevel>Moderate</UVExposureLevel>
            </ElementValue>
          </Time>
          <Time>
            <StartTime>2025-12-07T00:00:00+08:00</StartTime>
            <EndTime>2025-12-08T00:00:00+08:00</EndTime>
            <ElementValue>
              <UVIndex>5</UVIndex>
              <UVExposureLevel>Moderate</UVExposureLevel>
            </ElementValue>
          </Time>
          <Time>
            <StartTime>2025-12-08T00:00:00+08:00</StartTime>
            <EndTime>2025-12-09T00:00:00+08:00</EndTime>
            <ElementValue>
              <UVIndex>4</UVIndex>
              <UVExposureLevel>Moderate</UVExposureLevel>
            </ElementValue>
          </Time>
          <Time>
            <StartTime>2025-12-09T00:00:00+08:00</StartTime>
            <EndTime>2025-12-10T00:00:00+08:00</EndTime>
            <ElementValue>
              <UVIndex>5</UVIndex>
              <UVExposureLevel>Moderate</UVExposureLevel>
            </ElementValue>
          </Time>
          <Time>
            <StartTime>2025-12-10T00:00:00+08:00</StartTime>
            <EndTime>2025-12-11T00:00:00+08:00</EndTime>
            <ElementValue>
              <UVIndex>5</UVIndex>
              <UVExposureLevel>Moderate</UVExposureLevel>
            </ElementValue>
          </Time>
          <Time>
            <StartTime>2025-12-11T00:00:00+08:00</StartTime>
            <EndTime>2025-12-12T00:00:00+08:00</EndTime>
            <ElementValue>
              <UVIndex>5</UVIndex>
              <UVExposureLevel>Moderate</UVExposureLevel>
            </ElementValue>
          </Time>
          <Time>
            <StartTime>2025-12-12T00:00:00+08:00</StartTime>
            <EndTime>2025-12-13T00:00:00+08:00</EndTime>
            <ElementValue>
              <UVIndex>5</UVIndex>
              <UVExposureLevel>Moderate</UVExposureLevel>
            </ElementValue>
          </Time>
        </WeatherElement>
        <WeatherElement>
          <ElementName>Weather Description</ElementName>
          <Time>
            <StartTime>2025-12-06T00:00:00+08:00</StartTime>
            <EndTime>2025-12-07T00:00:00+08:00</EndTime>
            <ElementValue>
              <WeatherDescription>Mostly clear. Temperature between 17 and 23 centigrade. Cool ~ Comfortable. NorthEast wind 5m/s. Chance of precipitation 10%.</WeatherDescription>
            </ElementValue>
          </Time>
          <Time>
            <StartTime>2025-12-07T00:00:00+08:00</StartTime>
            <EndTime>2025-12-08T00:00:00+08:00</EndTime>
            <ElementValue>
              <WeatherDescription>Mostly clear. Temperature between 18 and 25 centigrade. Cool ~ Comfortable. NorthEast wind 3m/s. Chance of precipitation 10%.</WeatherDescription>
            </ElementValue>
          </Time>
          <Time>
            <StartTime>2025-12-08T00:00:00+08:00</StartTime>
            <EndTime>2025-12-09T00:00:00+08:00</EndTime>
            <ElementValue>
              <WeatherDescription>Mostly clear. Temperature between 16 and 22 centigrade. Cool ~ Comfortable. NorthEast wind 4m/s. Chance of precipitation 20%.</WeatherDescription>
            </ElementValue>
          </Time>
          <Time>
            <StartTime>2025-12-09T00:00:00+08:00</StartTime>
            <EndTime>2025-12-10T00:00:00+08:00</EndTime>
            <ElementValue>
              <WeatherDescription>Mostly clear. Temperature between 18 and 23 centigrade. Cool ~ Comfortable. NorthEast wind 3m/s. Chance of precipitation -%.</WeatherDescription>
            </ElementValue>
          </Time>
          <Time>
            <StartTime>2025-12-10T00:00:00+08:00</StartTime>
            <EndTime>2025-12-11T00:00:00+08:00</EndTime>
            <ElementValue>
              <WeatherDescription>Mostly clear. Temperature between 18 and 24 centigrade. Cool ~ Comfortable. East wind 1m/s. Chance of precipitation -%.</WeatherDescription>
            </ElementValue>
          </Time>
          <Time>
            <StartTime>2025-12-11T00:00:00+08:00</StartTime>
            <EndTime>2025-12-12T00:00:00+08:00</EndTime>
            <ElementValue>
              <WeatherDescription>Mostly clear. Temperature between 18 and 24 centigrade. Cool ~ Comfortable. NorthEast wind 3m/s. Chance of precipitation -%.</WeatherDescription>
            </ElementValue>
          </Time>
          <Time>
            <StartTime>2025-12-12T00:00:00+08:00</StartTime>
            <EndTime>2025-12-13T00:00:00+08:00</EndTime>
            <ElementValue>
              <WeatherDescription>Mostly clear. Temperature between 18 and 23 centigrade. Cool ~ Comfortable. East wind 1m/s. Chance of precipitation -%.</WeatherDescription>
            </ElementValue>
          </Time>
        </WeatherElement>
      </Location>
      <Location>
        <LocationName>Xiangshan District</LocationName>
        <Geocode>10018030</Geocode>
        <Latitude>24.798788</Latitude>
        <Longitude>120.933766</Longitude>
        <WeatherElement>
          <ElementName>Average Temperature</ElementName>
          <Time>
            <StartTime>2025-12-06T00:00:00+08:00</StartTime>
            <EndTime>2025-12-07T00:00:00+08:00</EndTime>
            <ElementValue>
              <Temperature>19</Temperature>
            </ElementValue>
          </Time>
          <Time>
            <StartTime>2025-12-07T00:00:00+08:00</StartTime>
            <EndTime>2025-12-08T00:00:00+08:00</EndTime>
            <ElementValue>
              <Temperature>20</Temperature>
            </ElementValue>
          </Time>
          <Time>
            <StartTime>2025-12-08T00:00:00+08:00</StartTime>
            <EndTime>2025-12-09T00:00:00+08:00</EndTime>
            <ElementValue>
              <Temperature>19</Temperature>
            </ElementValue>
          </Time>
          <Time>
            <StartTime>2025-12-09T00:00:00+08:00</StartTime>
            <EndTime>2025-12-10T00:00:00+08:00</EndTime>
            <ElementValue>
              <Temperature>20</Temperature>
            </ElementValue>
          </Time>
          <Time>
            <StartTime>2025-12-10T00:00:00+08:00</StartTime>
            <EndTime>2025-12-11T00:00:00+08:00</EndTime>
            <ElementValue>
              <Temperature>20</Temperature>
            </ElementValue>
          </Time>
          <Time>
            <StartTime>2025-12-11T00:00:00+08:00</StartTime>
            <EndTime>2025-12-12T00:00:00+08:00</EndTime>
            <ElementValue>
              <Temperature>20</Temperature>
            </ElementValue>
          </Time>
          <Time>
            <StartTime>2025-12-12T00:00:00+08:00</StartTime>
            <EndTime>2025-12-13T00:00:00+08:00</EndTime>
            <ElementValue>
              <Temperature>20</Temperature>
            </ElementValue>
          </Time>
        </WeatherElement>
        <WeatherElement>
          <ElementName>Maximum Temperature</ElementName>
          <Time>
            <StartTime>2025-12-06T00:00:00+08:00</StartTime>
            <EndTime>2025-12-07T00:00:00+08:00</EndTime>
            <ElementValue>
              <MaxTemperature>23</MaxTemperature>
            </ElementValue>
          </Time>
          <Time>
            <StartTime>2025-12-07T00:00:00+08:00</StartTime>
            <EndTime>2025-12-08T00:00:00+08:00</EndTime>
            <ElementValue>
              <MaxTemperature>25</MaxTemperature>
            </ElementValue>
          </Time>
          <Time>
            <StartTime>2025-12-08T00:00:00+08:00</StartTime>
            <EndTime>2025-12-09T00:00:00+08:00</EndTime>
            <ElementValue>
              <MaxTemperature>22</MaxTemperature>
            </ElementValue>
          </Time>
          <Time>
            <StartTime>2025-12-09T00:00:00+08:00</StartTime>
            <EndTime>2025-12-10T00:00:00+08:00</EndTime>
            <ElementValue>
              <MaxTemperature>24</MaxTemperature>
            </ElementValue>
          </Time>
          <Time>
            <StartTime>2025-12-10T00:00:00+08:00</StartTime>
            <EndTime>2025-12-11T00:00:00+08:00</EndTime>
            <ElementValue>
              <MaxTemperature>24</MaxTemperature>
            </ElementValue>
          </Time>
          <Time>
            <StartTime>2025-12-11T00:00:00+08:00</StartTime>
            <EndTime>2025-12-12T00:00:00+08:00</EndTime>
            <ElementValue>
              <MaxTemperature>24</MaxTemperature>
            </ElementValue>
          </Time>
          <Time>
            <StartTime>2025-12-12T00:00:00+08:00</StartTime>
            <EndTime>2025-12-13T00:00:00+08:00</EndTime>
            <ElementValue>
              <MaxTemperature>23</MaxTemperature>
            </ElementValue>
          </Time>
        </WeatherElement>
        <WeatherElement>
          <ElementName>Minimum Temperature</ElementName>
          <Time>
            <StartTime>2025-12-06T00:00:00+08:00</StartTime>
            <EndTime>2025-12-07T00:00:00+08:00</EndTime>
            <ElementValue>
              <MinTemperature>17</MinTemperature>
            </ElementValue>
          </Time>
          <Time>
            <StartTime>2025-12-07T00:00:00+08:00</StartTime>
            <EndTime>2025-12-08T00:00:00+08:00</EndTime>
            <ElementValue>
              <MinTemperature>18</MinTemperature>
            </ElementValue>
          </Time>
          <Time>
            <StartTime>2025-12-08T00:00:00+08:00</StartTime>
            <EndTime>2025-12-09T00:00:00+08:00</EndTime>
            <ElementValue>
              <MinTemperature>16</MinTemperature>
            </ElementValue>
          </Time>
          <Time>
            <StartTime>2025-12-09T00:00:00+08:00</StartTime>
            <EndTime>2025-12-10T00:00:00+08:00</EndTime>
            <ElementValue>
              <MinTemperature>18</MinTemperature>
            </ElementValue>
          </Time>
          <Time>
            <StartTime>2025-12-10T00:00:00+08:00</StartTime>
            <EndTime>2025-12-11T00:00:00+08:00</EndTime>
            <ElementValue>
              <MinTemperature>18</MinTemperature>
            </ElementValue>
          </Time>
          <Time>
            <StartTime>2025-12-11T00:00:00+08:00</StartTime>
            <EndTime>2025-12-12T00:00:00+08:00</EndTime>
            <ElementValue>
              <MinTemperature>18</MinTemperature>
            </ElementValue>
          </Time>
          <Time>
            <StartTime>2025-12-12T00:00:00+08:00</StartTime>
            <EndTime>2025-12-13T00:00:00+08:00</EndTime>
            <ElementValue>
              <MinTemperature>18</MinTemperature>
            </ElementValue>
          </Time>
        </WeatherElement>
        <WeatherElement>
          <ElementName>Average Dew Point Temperature</ElementName>
          <Time>
            <StartTime>2025-12-06T00:00:00+08:00</StartTime>
            <EndTime>2025-12-07T00:00:00+08:00</EndTime>
            <ElementValue>
              <DewPoint>15</DewPoint>
            </ElementValue>
          </Time>
          <Time>
            <StartTime>2025-12-07T00:00:00+08:00</StartTime>
            <EndTime>2025-12-08T00:00:00+08:00</EndTime>
            <ElementValue>
              <DewPoint>16</DewPoint>
            </ElementValue>
          </Time>
          <Time>
            <StartTime>2025-12-08T00:00:00+08:00</StartTime>
            <EndTime>2025-12-09T00:00:00+08:00</EndTime>
            <ElementValue>
              <DewPoint>16</DewPoint>
            </ElementValue>
          </Time>
          <Time>
            <StartTime>2025-12-09T00:00:00+08:00</StartTime>
            <EndTime>2025-12-10T00:00:00+08:00</EndTime>
            <ElementValue>
              <DewPoint>17</DewPoint>
            </ElementValue>
          </Time>
          <Time>
            <StartTime>2025-12-10T00:00:00+08:00</StartTime>
            <EndTime>2025-12-11T00:00:00+08:00</EndTime>
            <ElementValue>
              <DewPoint>18</DewPoint>
            </ElementValue>
          </Time>
          <Time>
            <StartTime>2025-12-11T00:00:00+08:00</StartTime>
            <EndTime>2025-12-12T00:00:00+08:00</EndTime>
            <ElementValue>
              <DewPoint>18</DewPoint>
            </ElementValue>
          </Time>
          <Time>
            <StartTime>2025-12-12T00:00:00+08:00</StartTime>
            <EndTime>2025-12-13T00:00:00+08:00</EndTime>
            <ElementValue>
              <DewPoint>17</DewPoint>
            </ElementValue>
          </Time>
        </WeatherElement>
        <WeatherElement>
          <ElementName>Average Relative Humidity</ElementName>
          <Time>
            <StartTime>2025-12-06T00:00:00+08:00</StartTime>
            <EndTime>2025-12-07T00:00:00+08:00</EndTime>
            <ElementValue>
              <RelativeHumidity>76</RelativeHumidity>
            </ElementValue>
          </Time>
          <Time>
            <StartTime>2025-12-07T00:00:00+08:00</StartTime>
            <EndTime>2025-12-08T00:00:00+08:00</EndTime>
            <ElementValue>
              <RelativeHumidity>78</RelativeHumidity>
            </ElementValue>
          </Time>
          <Time>
            <StartTime>2025-12-08T00:00:00+08:00</StartTime>
            <EndTime>2025-12-09T00:00:00+08:00</EndTime>
            <ElementValue>
              <RelativeHumidity>85</RelativeHumidity>
            </ElementValue>
          </Time>
          <Time>
            <StartTime>2025-12-09T00:00:00+08:00</StartTime>
            <EndTime>2025-12-10T00:00:00+08:00</EndTime>
            <ElementValue>
              <RelativeHumidity>81</RelativeHumidity>
            </ElementValue>
          </Time>
          <Time>
            <StartTime>2025-12-10T00:00:00+08:00</StartTime>
            <EndTime>2025-12-11T00:00:00+08:00</EndTime>
            <ElementValue>
              <RelativeHumidity>86</RelativeHumidity>
            </ElementValue>
          </Time>
          <Time>
            <StartTime>2025-12-11T00:00:00+08:00</StartTime>
            <EndTime>2025-12-12T00:00:00+08:00</EndTime>
            <ElementValue>
              <RelativeHumidity>88</RelativeHumidity>
            </ElementValue>
          </Time>
          <Time>
            <StartTime>2025-12-12T00:00:00+08:00</StartTime>
            <EndTime>2025-12-13T00:00:00+08:00</EndTime>
            <ElementValue>
              <RelativeHumidity>82</RelativeHumidity>
            </ElementValue>
          </Time>
        </WeatherElement>
        <WeatherElement>
          <ElementName>Maximum Apparent Temperature</ElementName>
          <Time>
            <StartTime>2025-12-06T00:00:00+08:00</StartTime>
            <EndTime>2025-12-07T00:00:00+08:00</EndTime>
            <ElementValue>
              <MaxApparentTemperature>23</MaxApparentTemperature>
            </ElementValue>
          </Time>
          <Time>
            <StartTime>2025-12-07T00:00:00+08:00</StartTime>
            <EndTime>2025-12-08T00:00:00+08:00</EndTime>
            <ElementValue>
              <MaxApparentTemperature>26</MaxApparentTemperature>
            </ElementValue>
          </Time>
          <Time>
            <StartTime>2025-12-08T00:00:00+08:00</StartTime>
            <EndTime>2025-12-09T00:00:00+08:00</EndTime>
            <ElementValue>
              <MaxApparentTemperature>22</MaxApparentTemperature>
            </ElementValue>
          </Time>
          <Time>
            <StartTime>2025-12-09T00:00:00+08:00</StartTime>
            <EndTime>2025-12-10T00:00:00+08:00</EndTime>
            <ElementValue>
              <MaxApparentTemperature>24</MaxApparentTemperature>
            </ElementValue>
          </Time>
          <Time>
            <StartTime>2025-12-10T00:00:00+08:00</StartTime>
            <EndTime>2025-12-11T00:00:00+08:00</EndTime>
            <ElementValue>
              <MaxApparentTemperature>27</MaxApparentTemperature>
            </ElementValue>
          </Time>
          <Time>
            <StartTime>2025-12-11T00:00:00+08:00</StartTime>
            <EndTime>2025-12-12T00:00:00+08:00</EndTime>
            <ElementValue>
              <MaxApparentTemperature>26</MaxApparentTemperature>
            </ElementValue>
          </Time>
          <Time>
            <StartTime>2025-12-12T00:00:00+08:00</StartTime>
            <EndTime>2025-12-13T00:00:00+08:00</EndTime>
            <ElementValue>
              <MaxApparentTemperature>25</MaxApparentTemperature>
            </ElementValue>
          </Time>
        </WeatherElement>
        <WeatherElement>
          <ElementName>Minimum Apparent Temperature</ElementName>
          <Time>
            <StartTime>2025-12-06T00:00:00+08:00</StartTime>
            <EndTime>2025-12-07T00:00:00+08:00</EndTime>
            <ElementValue>
              <MinApparentTemperature>16</MinApparentTemperature>
            </ElementValue>
          </Time>
          <Time>
            <StartTime>2025-12-07T00:00:00+08:00</StartTime>
            <EndTime>2025-12-08T00:00:00+08:00</EndTime>
            <ElementValue>
              <MinApparentTemperature>17</MinApparentTemperature>
            </ElementValue>
          </Time>
          <Time>
            <StartTime>2025-12-08T00:00:00+08:00</StartTime>
            <EndTime>2025-12-09T00:00:00+08:00</EndTime>
            <ElementValue>
              <MinApparentTemperature>16</MinApparentTemperature>
            </ElementValue>
          </Time>
          <Time>
            <StartTime>2025-12-09T00:00:00+08:00</StartTime>
            <EndTime>2025-12-10T00:00:00+08:00</EndTime>
            <ElementValue>
              <MinApparentTemperature>18</MinApparentTemperature>
            </ElementValue>
          </Time>
          <Time>
            <StartTime>2025-12-10T00:00:00+08:00</StartTime>
            <EndTime>2025-12-11T00:00:00+08:00</EndTime>
            <ElementValue>
              <MinApparentTemperature>20</MinApparentTemperature>
            </ElementValue>
          </Time>
          <Time>
            <StartTime>2025-12-11T00:00:00+08:00</StartTime>
            <EndTime>2025-12-12T00:00:00+08:00</EndTime>
            <ElementValue>
              <MinApparentTemperature>19</MinApparentTemperature>
            </ElementValue>
          </Time>
          <Time>
            <StartTime>2025-12-12T00:00:00+08:00</StartTime>
            <EndTime>2025-12-13T00:00:00+08:00</EndTime>
            <ElementValue>
              <MinApparentTemperature>20</MinApparentTemperature>
            </ElementValue>
          </Time>
        </WeatherElement>
        <WeatherElement>
          <ElementName>Maximum Comfort Index</ElementName>
          <Time>
            <StartTime>2025-12-06T00:00:00+08:00</StartTime>
            <EndTime>2025-12-07T00:00:00+08:00</EndTime>
            <ElementValue>
              <MaxComfortIndex>21</MaxComfortIndex>
              <MaxComfortIndexDescription>Comfortable</MaxComfortIndexDescription>
            </ElementValue>
          </Time>
          <Time>
            <StartTime>2025-12-07T00:00:00+08:00</StartTime>
            <EndTime>2025-12-08T00:00:00+08:00</EndTime>
            <ElementValue>
              <MaxComfortIndex>23</MaxComfortIndex>
              <MaxComfortIndexDescription>Comfortable</MaxComfortIndexDescription>
            </ElementValue>
          </Time>
          <Time>
            <StartTime>2025-12-08T00:00:00+08:00</StartTime>
            <EndTime>2025-12-09T00:00:00+08:00</EndTime>
            <ElementValue>
              <MaxComfortIndex>21</MaxComfortIndex>
              <MaxComfortIndexDescription>Comfortable</MaxComfortIndexDescription>
            </ElementValue>
          </Time>
          <Time>
            <StartTime>2025-12-09T00:00:00+08:00</StartTime>
            <EndTime>2025-12-10T00:00:00+08:00</EndTime>
            <ElementValue>
              <MaxComfortIndex>22</MaxComfortIndex>
              <MaxComfortIndexDescription>Comfortable</MaxComfortIndexDescription>
            </ElementValue>
          </Time>
          <Time>
            <StartTime>2025-12-10T00:00:00+08:00</StartTime>
            <EndTime>2025-12-11T00:00:00+08:00</EndTime>
            <ElementValue>
              <MaxComfortIndex>22</MaxComfortIndex>
              <MaxComfortIndexDescription>Comfortable</MaxComfortIndexDescription>
            </ElementValue>
          </Time>
          <Time>
            <StartTime>2025-12-11T00:00:00+08:00</StartTime>
            <EndTime>2025-12-12T00:00:00+08:00</EndTime>
            <ElementValue>
              <MaxComfortIndex>23</MaxComfortIndex>
              <MaxComfortIndexDescription>Comfortable</MaxComfortIndexDescription>
            </ElementValue>
          </Time>
          <Time>
            <StartTime>2025-12-12T00:00:00+08:00</StartTime>
            <EndTime>2025-12-13T00:00:00+08:00</EndTime>
            <ElementValue>
              <MaxComfortIndex>22</MaxComfortIndex>
              <MaxComfortIndexDescription>Comfortable</MaxComfortIndexDescription>
            </ElementValue>
          </Time>
        </WeatherElement>
        <WeatherElement>
          <ElementName>Minimum Comfort Index</ElementName>
          <Time>
            <StartTime>2025-12-06T00:00:00+08:00</StartTime>
            <EndTime>2025-12-07T00:00:00+08:00</EndTime>
            <ElementValue>
              <MinComfortIndex>16</MinComfortIndex>
              <MinComfortIndexDescription>Cool</MinComfortIndexDescription>
            </ElementValue>
          </Time>
          <Time>
            <StartTime>2025-12-07T00:00:00+08:00</StartTime>
            <EndTime>2025-12-08T00:00:00+08:00</EndTime>
            <ElementValue>
              <MinComfortIndex>17</MinComfortIndex>
              <MinComfortIndexDescription>Cool</MinComfortIndexDescription>
            </ElementValue>
          </Time>
          <Time>
            <StartTime>2025-12-08T00:00:00+08:00</StartTime>
            <EndTime>2025-12-09T00:00:00+08:00</EndTime>
            <ElementValue>
              <MinComfortIndex>16</MinComfortIndex>
              <MinComfortIndexDescription>Cool</MinComfortIndexDescription>
            </ElementValue>
          </Time>
          <Time>
            <StartTime>2025-12-09T00:00:00+08:00</StartTime>
            <EndTime>2025-12-10T00:00:00+08:00</EndTime>
            <ElementValue>
              <MinComfortIndex>18</MinComfortIndex>
              <MinComfortIndexDescription>Cool</MinComfortIndexDescription>
            </ElementValue>
          </Time>
          <Time>
            <StartTime>2025-12-10T00:00:00+08:00</StartTime>
            <EndTime>2025-12-11T00:00:00+08:00</EndTime>
            <ElementValue>
              <MinComfortIndex>17</MinComfortIndex>
              <MinComfortIndexDescription>Cool</MinComfortIndexDescription>
            </ElementValue>
          </Time>
          <Time>
            <StartTime>2025-12-11T00:00:00+08:00</StartTime>
            <EndTime>2025-12-12T00:00:00+08:00</EndTime>
            <ElementValue>
              <MinComfortIndex>18</MinComfortIndex>
              <MinComfortIndexDescription>Cool</MinComfortIndexDescription>
            </ElementValue>
          </Time>
          <Time>
            <StartTime>2025-12-12T00:00:00+08:00</StartTime>
            <EndTime>2025-12-13T00:00:00+08:00</EndTime>
            <ElementValue>
              <MinComfortIndex>17</MinComfortIndex>
              <MinComfortIndexDescription>Cool</MinComfortIndexDescription>
            </ElementValue>
          </Time>
        </WeatherElement>
        <WeatherElement>
          <ElementName>Wind Speed</ElementName>
          <Time>
            <StartTime>2025-12-06T00:00:00+08:00</StartTime>
            <EndTime>2025-12-07T00:00:00+08:00</EndTime>
            <ElementValue>
              <WindSpeed>5</WindSpeed>
              <BeaufortScale>3</BeaufortScale>
            </ElementValue>
          </Time>
          <Time>
            <StartTime>2025-12-07T00:00:00+08:00</StartTime>
            <EndTime>2025-12-08T00:00:00+08:00</EndTime>
            <ElementValue>
              <WindSpeed>4</WindSpeed>
              <BeaufortScale>3</BeaufortScale>
            </ElementValue>
          </Time>
          <Time>
            <StartTime>2025-12-08T00:00:00+08:00</StartTime>
            <EndTime>2025-12-09T00:00:00+08:00</EndTime>
            <ElementValue>
              <WindSpeed>4</WindSpeed>
              <BeaufortScale>3</BeaufortScale>
            </ElementValue>
          </Time>
          <Time>
            <StartTime>2025-12-09T00:00:00+08:00</StartTime>
            <EndTime>2025-12-10T00:00:00+08:00</EndTime>
            <ElementValue>
              <WindSpeed>4</WindSpeed>
              <BeaufortScale>3</BeaufortScale>
            </ElementValue>
          </Time>
          <Time>
            <StartTime>2025-12-10T00:00:00+08:00</StartTime>
            <EndTime>2025-12-11T00:00:00+08:00</EndTime>
            <ElementValue>
              <WindSpeed>1</WindSpeed>
              <BeaufortScale>&lt;= 1</BeaufortScale>
            </ElementValue>
          </Time>
          <Time>
            <StartTime>2025-12-11T00:00:00+08:00</StartTime>
            <EndTime>2025-12-12T00:00:00+08:00</EndTime>
            <ElementValue>
              <WindSpeed>3</WindSpeed>
              <BeaufortScale>2</BeaufortScale>
            </ElementValue>
          </Time>
          <Time>
            <StartTime>2025-12-12T00:00:00+08:00</StartTime>
            <EndTime>2025-12-13T00:00:00+08:00</EndTime>
            <ElementValue>
              <WindSpeed>1</WindSpeed>
              <BeaufortScale>&lt;= 1</BeaufortScale>
            </ElementValue>
          </Time>
        </WeatherElement>
        <WeatherElement>
          <ElementName>Wind Direction</ElementName>
          <Time>
            <StartTime>2025-12-06T00:00:00+08:00</StartTime>
            <EndTime>2025-12-07T00:00:00+08:00</EndTime>
            <ElementValue>
              <WindDirection>NE</WindDirection>
            </ElementValue>
          </Time>
          <Time>
            <StartTime>2025-12-07T00:00:00+08:00</StartTime>
            <EndTime>2025-12-08T00:00:00+08:00</EndTime>
            <ElementValue>
              <WindDirection>E</WindDirection>
            </ElementValue>
          </Time>
          <Time>
            <StartTime>2025-12-08T00:00:00+08:00</StartTime>
            <EndTime>2025-12-09T00:00:00+08:00</EndTime>
            <ElementValue>
              <WindDirection>NE</WindDirection>
            </ElementValue>
          </Time>
          <Time>
            <StartTime>2025-12-09T00:00:00+08:00</StartTime>
            <EndTime>2025-12-10T00:00:00+08:00</EndTime>
            <ElementValue>
              <WindDirection>NE</WindDirection>
            </ElementValue>
          </Time>
          <Time>
            <StartTime>2025-12-10T00:00:00+08:00</StartTime>
            <EndTime>2025-12-11T00:00:00+08:00</EndTime>
            <ElementValue>
              <WindDirection>E</WindDirection>
            </ElementValue>
          </Time>
          <Time>
            <StartTime>2025-12-11T00:00:00+08:00</StartTime>
            <EndTime>2025-12-12T00:00:00+08:00</EndTime>
            <ElementValue>
              <WindDirection>NE</WindDirection>
            </ElementValue>
          </Time>
          <Time>
            <StartTime>2025-12-12T00:00:00+08:00</StartTime>
            <EndTime>2025-12-13T00:00:00+08:00</EndTime>
            <ElementValue>
              <WindDirection>E</WindDirection>
            </ElementValue>
          </Time>
        </WeatherElement>
        <WeatherElement>
          <ElementName>24 Hours Probability Of Precipitation</ElementName>
          <Time>
            <StartTime>2025-12-06T00:00:00+08:00</StartTime>
            <EndTime>2025-12-07T00:00:00+08:00</EndTime>
            <ElementValue>
              <ProbabilityOfPrecipitation>10</ProbabilityOfPrecipitation>
            </ElementValue>
          </Time>
          <Time>
            <StartTime>2025-12-07T00:00:00+08:00</StartTime>
            <EndTime>2025-12-08T00:00:00+08:00</EndTime>
            <ElementValue>
              <ProbabilityOfPrecipitation>10</ProbabilityOfPrecipitation>
            </ElementValue>
          </Time>
          <Time>
            <StartTime>2025-12-08T00:00:00+08:00</StartTime>
            <EndTime>2025-12-09T00:00:00+08:00</EndTime>
            <ElementValue>
              <ProbabilityOfPrecipitation>20</ProbabilityOfPrecipitation>
            </ElementValue>
          </Time>
          <Time>
            <StartTime>2025-12-09T00:00:00+08:00</StartTime>
            <EndTime>2025-12-10T00:00:00+08:00</EndTime>
            <ElementValue>
              <ProbabilityOfPrecipitation>-</ProbabilityOfPrecipitation>
            </ElementValue>
          </Time>
          <Time>
            <StartTime>2025-12-10T00:00:00+08:00</StartTime>
            <EndTime>2025-12-11T00:00:00+08:00</EndTime>
            <ElementValue>
              <ProbabilityOfPrecipitation>-</ProbabilityOfPrecipitation>
            </ElementValue>
          </Time>
          <Time>
            <StartTime>2025-12-11T00:00:00+08:00</StartTime>
            <EndTime>2025-12-12T00:00:00+08:00</EndTime>
            <ElementValue>
              <ProbabilityOfPrecipitation>-</ProbabilityOfPrecipitation>
            </ElementValue>
          </Time>
          <Time>
            <StartTime>2025-12-12T00:00:00+08:00</StartTime>
            <EndTime>2025-12-13T00:00:00+08:00</EndTime>
            <ElementValue>
              <ProbabilityOfPrecipitation>-</ProbabilityOfPrecipitation>
            </ElementValue>
          </Time>
        </WeatherElement>
        <WeatherElement>
          <ElementName>Weather</ElementName>
          <Time>
            <StartTime>2025-12-06T00:00:00+08:00</StartTime>
            <EndTime>2025-12-07T00:00:00+08:00</EndTime>
            <ElementValue>
              <Weather>Mostly clear</Weather>
              <WeatherCode>02</WeatherCode>
            </ElementValue>
          </Time>
          <Time>
            <StartTime>2025-12-07T00:00:00+08:00</StartTime>
            <EndTime>2025-12-08T00:00:00+08:00</EndTime>
            <ElementValue>
              <Weather>Mostly clear</Weather>
              <WeatherCode>02</WeatherCode>
            </ElementValue>
          </Time>
          <Time>
            <StartTime>2025-12-08T00:00:00+08:00</StartTime>
            <EndTime>2025-12-09T00:00:00+08:00</EndTime>
            <ElementValue>
              <Weather>Mostly clear</Weather>
              <WeatherCode>02</WeatherCode>
            </ElementValue>
          </Time>
          <Time>
            <StartTime>2025-12-09T00:00:00+08:00</StartTime>
            <EndTime>2025-12-10T00:00:00+08:00</EndTime>
            <ElementValue>
              <Weather>Mostly clear</Weather>
              <WeatherCode>02</WeatherCode>
            </ElementValue>
          </Time>
          <Time>
            <StartTime>2025-12-10T00:00:00+08:00</StartTime>
            <EndTime>2025-12-11T00:00:00+08:00</EndTime>
            <ElementValue>
              <Weather>Mostly clear</Weather>
              <WeatherCode>02</WeatherCode>
            </ElementValue>
          </Time>
          <Time>
            <StartTime>2025-12-11T00:00:00+08:00</StartTime>
            <EndTime>2025-12-12T00:00:00+08:00</EndTime>
            <ElementValue>
              <Weather>Mostly clear</Weather>
              <WeatherCode>02</WeatherCode>
            </ElementValue>
          </Time>
          <Time>
            <StartTime>2025-12-12T00:00:00+08:00</StartTime>
            <EndTime>2025-12-13T00:00:00+08:00</EndTime>
            <ElementValue>
              <Weather>Mostly clear</Weather>
              <WeatherCode>02</WeatherCode>
            </ElementValue>
          </Time>
        </WeatherElement>
        <WeatherElement>
          <ElementName>Ultraviolet Index</ElementName>
          <Time>
            <StartTime>2025-12-06T00:00:00+08:00</StartTime>
            <EndTime>2025-12-07T00:00:00+08:00</EndTime>
            <ElementValue>
              <UVIndex>5</UVIndex>
              <UVExposureLevel>Moderate</UVExposureLevel>
            </ElementValue>
          </Time>
          <Time>
            <StartTime>2025-12-07T00:00:00+08:00</StartTime>
            <EndTime>2025-12-08T00:00:00+08:00</EndTime>
            <ElementValue>
              <UVIndex>5</UVIndex>
              <UVExposureLevel>Moderate</UVExposureLevel>
            </ElementValue>
          </Time>
          <Time>
            <StartTime>2025-12-08T00:00:00+08:00</StartTime>
            <EndTime>2025-12-09T00:00:00+08:00</EndTime>
            <ElementValue>
              <UVIndex>4</UVIndex>
              <UVExposureLevel>Moderate</UVExposureLevel>
            </ElementValue>
          </Time>
          <Time>
            <StartTime>2025-12-09T00:00:00+08:00</StartTime>
            <EndTime>2025-12-10T00:00:00+08:00</EndTime>
            <ElementValue>
              <UVIndex>4</UVIndex>
              <UVExposureLevel>Moderate</UVExposureLevel>
            </ElementValue>
          </Time>
          <Time>
            <StartTime>2025-12-10T00:00:00+08:00</StartTime>
            <EndTime>2025-12-11T00:00:00+08:00</EndTime>
            <ElementValue>
              <UVIndex>5</UVIndex>
              <UVExposureLevel>Moderate</UVExposureLevel>
            </ElementValue>
          </Time>
          <Time>
            <StartTime>2025-12-11T00:00:00+08:00</StartTime>
            <EndTime>2025-12-12T00:00:00+08:00</EndTime>
            <ElementValue>
              <UVIndex>5</UVIndex>
              <UVExposureLevel>Moderate</UVExposureLevel>
            </ElementValue>
          </Time>
          <Time>
            <StartTime>2025-12-12T00:00:00+08:00</StartTime>
            <EndTime>2025-12-13T00:00:00+08:00</EndTime>
            <ElementValue>
              <UVIndex>5</UVIndex>
              <UVExposureLevel>Moderate</UVExposureLevel>
            </ElementValue>
          </Time>
        </WeatherElement>
        <WeatherElement>
          <ElementName>Weather Description</ElementName>
          <Time>
            <StartTime>2025-12-06T00:00:00+08:00</StartTime>
            <EndTime>2025-12-07T00:00:00+08:00</EndTime>
            <ElementValue>
              <WeatherDescription>Mostly clear. Temperature between 17 and 23 centigrade. Cool ~ Comfortable. NorthEast wind 5m/s. Chance of precipitation 10%.</WeatherDescription>
            </ElementValue>
          </Time>
          <Time>
            <StartTime>2025-12-07T00:00:00+08:00</StartTime>
            <EndTime>2025-12-08T00:00:00+08:00</EndTime>
            <ElementValue>
              <WeatherDescription>Mostly clear. Temperature between 18 and 25 centigrade. Cool ~ Comfortable. East wind 4m/s. Chance of precipitation 10%.</WeatherDescription>
            </ElementValue>
          </Time>
          <Time>
            <StartTime>2025-12-08T00:00:00+08:00</StartTime>
            <EndTime>2025-12-09T00:00:00+08:00</EndTime>
            <ElementValue>
              <WeatherDescription>Mostly clear. Temperature between 16 and 22 centigrade. Cool ~ Comfortable. NorthEast wind 4m/s. Chance of precipitation 20%.</WeatherDescription>
            </ElementValue>
          </Time>
          <Time>
            <StartTime>2025-12-09T00:00:00+08:00</StartTime>
            <EndTime>2025-12-10T00:00:00+08:00</EndTime>
            <ElementValue>
              <WeatherDescription>Mostly clear. Temperature between 18 and 24 centigrade. Cool ~ Comfortable. NorthEast wind 4m/s. Chance of precipitation -%.</WeatherDescription>
            </ElementValue>
          </Time>
          <Time>
            <StartTime>2025-12-10T00:00:00+08:00</StartTime>
            <EndTime>2025-12-11T00:00:00+08:00</EndTime>
            <ElementValue>
              <WeatherDescription>Mostly clear. Temperature between 18 and 24 centigrade. Cool ~ Comfortable. East wind 1m/s. Chance of precipitation -%.</WeatherDescription>
            </ElementValue>
          </Time>
          <Time>
            <StartTime>2025-12-11T00:00:00+08:00</StartTime>
            <EndTime>2025-12-12T00:00:00+08:00</EndTime>
            <ElementValue>
              <WeatherDescription>Mostly clear. Temperature between 18 and 24 centigrade. Cool ~ Comfortable. NorthEast wind 3m/s. Chance of precipitation -%.</WeatherDescription>
            </ElementValue>
          </Time>
          <Time>
            <StartTime>2025-12-12T00:00:00+08:00</StartTime>
            <EndTime>2025-12-13T00:00:00+08:00</EndTime>
            <ElementValue>
              <WeatherDescription>Mostly clear. Temperature between 18 and 23 centigrade. Cool ~ Comfortable. East wind 1m/s. Chance of precipitation -%.</WeatherDescription>
            </ElementValue>
          </Time>
        </WeatherElement>
      </Location>
    </Locations>
  </Dataset>
</cwaopendata>
