<?xml version="1.0" encoding="utf-8"?>
<cwaopendata xmlns="urn:cwa:gov:tw:cwacommon:0.1">
  <Identifier>4a7389dc-79cf-4066-8fa6-2bcdcb8c5cd2</Identifier>
  <Sender>weather@cwa.gov.tw</Sender>
  <Sent>2025-11-29T18:18:06+08:00</Sent>
  <Status>Actual</Status>
  <Scope>Public</Scope>
  <MsgType>Issue</MsgType>
  <Dataid>null</Dataid>
  <Source>MFC</Source>
  <Dataset>
    <DatasetInfo>
      <DatasetDescription>Seven Days Weather Forecast of 368 towhships</DatasetDescription>
      <DatasetLanguage>EN</DatasetLanguage>
      <DataValueInfo>
        <Temperature description="average temperature" unit="degrees Celsius"/>
        <DewPoint description="average dew point temperature" unit="degrees Celsius"/>
        <MaxTemperature description="maximum temperature" unit="degrees Celsius"/>
        <MinTemperature description="minimum temperature" unit="degrees Celsius"/>
        <MaxApparentTemperature description="maximum apparent temperature" unit="degrees Celsius"/>
        <MinApparentTemperature description="minimum apparent temperature" unit="degrees Celsius"/>
        <MaxComfortIndex description="maximum comfort index" unit="NA"/>
        <MaxComfortIndexDescription description="maximum comfort index description" unit="NA"/>
        <MinComfortIndex description="minimum comfort index" unit="NA"/>
        <MinComfortIndexDescription description="minimum comfort index description" unit="NA"/>
        <RelativeHumidity description="average relative humidity" unit="%"/>
        <WindDirection description="wind direction" unit="8 directions"/>
        <WindSpeed description="wind speed" unit="m/s"/>
        <BeaufortScale description="Beaufort scale" unit="Beaufort scale"/>
        <ProbabilityOfPrecipitation description="24 hours probability of precipitation" unit="%"/>
        <UVIndex description="ultraviolet index" unit="NA"/>
        <UVExposureLevel description="ultraviolet exposure level" unit="NA"/>
        <Weather description="weather" unit="NA"/>
        <WeatherCode description="weather code" unit="NA"/>
        <WeatherDescription description="weather description" unit="NA"/>
      </DataValueInfo>
      <IssueTime>2025-11-29T17:00:00+08:00</IssueTime>
      <ValidTime>
        <StartTime>2025-11-29T18:00:00+08:00</StartTime>
        <EndTime>2025-12-07T00:00:00+08:00</EndTime>
      </ValidTime>
      <Update>2025-11-29T18:18:06+08:00</Update>
    </DatasetInfo>
    <Locations>
      <LocationsName>Hsinchu City</LocationsName>
      <Location>
        <LocationName>East Distric</LocationName>
        <Geocode>10018010</Geocode>
        <Latitude>24.806995</Latitude>
        <Longitude>120.965302</Longitude>
        <WeatherElement>
          <ElementName>Average Temperature</ElementName>
          <Time>
            <StartTime>2025-11-30T00:00:00+08:00</StartTime>
            <EndTime>2025-12-01T00:00:00+08:00</EndTime>
            <ElementValue>
              <Temperature>20</Temperature>
            </ElementValue>
          </Time>
          <Time>
            <StartTime>2025-12-01T00:00:00+08:00</StartTime>
            <EndTime>2025-12-02T00:00:00+08:00</EndTime>
            <ElementValue>
              <Temperature>21</Temperature>
            </ElementValue>
          </Time>
          <Time>
            <StartTime>2025-12-02T00:00:00+08:00</StartTime>
            <EndTime>2025-12-03T00:00:00+08:00</EndTime>
            <ElementValue>
              <Temperature>20</Temperature>
            </ElementValue>
          </Time>
          <Time>
            <StartTime>2025-12-03T00:00:00+08:00</StartTime>
            <EndTime>2025-12-04T00:00:00+08:00</EndTime>
            <ElementValue>
              <Temperature>18</Temperature>
            </ElementValue>
          </Time>
          <Time>
            <StartTime>2025-12-04T00:00:00+08:00</StartTime>
            <EndTime>2025-12-05T00:00:00+08:00</EndTime>
            <ElementValue>
              <Temperature>17</Temperature>
            </ElementValue>
          </Time>
          <Time>
            <StartTime>2025-12-05T00:00:00+08:00</StartTime>
            <EndTime>2025-12-06T00:00:00+08:00</EndTime>
            <ElementValue>
              <Temperature>19</Temperature>
            </ElementValue>
          </Time>
          <Time>
            <StartTime>2025-12-06T00:00:00+08:00</StartTime>
            <EndTime>2025-12-07T00:00:00+08:00</EndTime>
            <ElementValue>
              <Temperature>20</Temperature>
            </ElementValue>
          </Time>
        </WeatherElement>
        <WeatherElement>
          <ElementName>Maximum Temperature</ElementName>
          <Time>
            <StartTime>2025-11-30T00:00:00+08:00</StartTime>
            <EndTime>2025-12-01T00:00:00+08:00</EndTime>
            <ElementValue>
              <MaxTemperature>24</MaxTemperature>
            </ElementValue>
          </Time>
          <Time>
            <StartTime>2025-12-01T00:00:00+08:00</StartTime>
            <EndTime>2025-12-02T00:00:00+08:00</EndTime>
            <ElementValue>
              <MaxTemperature>24</MaxTemperature>
            </ElementValue>
          </Time>
          <Time>
            <StartTime>2025-12-02T00:00:00+08:00</StartTime>
            <EndTime>2025-12-03T00:00:00+08:00</EndTime>
            <ElementValue>
              <MaxTemperature>24</MaxTemperature>
            </ElementValue>
          </Time>
          <Time>
            <StartTime>2025-12-03T00:00:00+08:00</StartTime>
            <EndTime>2025-12-04T00:00:00+08:00</EndTime>
            <ElementValue>
              <MaxTemperature>20</MaxTemperature>
            </ElementValue>
          </Time>
          <Time>
            <StartTime>2025-12-04T00:00:00+08:00</StartTime>
            <EndTime>2025-12-05T00:00:00+08:00</EndTime>
            <ElementValue>
              <MaxTemperature>19</MaxTemperature>
            </ElementValue>
          </Time>
          <Time>
            <StartTime>2025-12-05T00:00:00+08:00</StartTime>
            <EndTime>2025-12-06T00:00:00+08:00</EndTime>
            <ElementValue>
              <MaxTemperature>22</MaxTemperature>
            </ElementValue>
          </Time>
          <Time>
            <StartTime>2025-12-06T00:00:00+08:00</StartTime>
            <EndTime>2025-12-07T00:00:00+08:00</EndTime>
            <ElementValue>
              <MaxTemperature>23</MaxTemperature>
            </ElementValue>
          </Time>
        </WeatherElement>
        <WeatherElement>
          <ElementName>Minimum Temperature</ElementName>
          <Time>
            <StartTime>2025-11-30T00:00:00+08:00</StartTime>
            <EndTime>2025-12-01T00:00:00+08:00</EndTime>
            <ElementValue>
              <MinTemperature>16</MinTemperature>
            </ElementValue>
          </Time>
          <Time>
            <StartTime>2025-12-01T00:00:00+08:00</StartTime>
            <EndTime>2025-12-02T00:00:00+08:00</EndTime>
            <ElementValue>
              <MinTemperature>18</MinTemperature>
            </ElementValue>
          </Time>
          <Time>
            <StartTime>2025-12-02T00:00:00+08:00</StartTime>
            <EndTime>2025-12-03T00:00:00+08:00</EndTime>
            <ElementValue>
              <MinTemperature>18</MinTemperature>
            </ElementValue>
          </Time>
          <Time>
            <StartTime>2025-12-03T00:00:00+08:00</StartTime>
            <EndTime>2025-12-04T00:00:00+08:00</EndTime>
            <ElementValue>
              <MinTemperature>16</MinTemperature>
            </ElementValue>
          </Time>
          <Time>
            <StartTime>2025-12-04T00:00:00+08:00</StartTime>
            <EndTime>2025-12-05T00:00:00+08:00</EndTime>
            <ElementValue>
              <MinTemperature>15</MinTemperature>
            </ElementValue>
          </Time>
          <Time>
            <StartTime>2025-12-05T00:00:00+08:00</StartTime>
            <EndTime>2025-12-06T00:00:00+08:00</EndTime>
            <ElementValue>
              <MinTemperature>16</MinTemperature>
            </ElementValue>
          </Time>
          <Time>
            <StartTime>2025-12-06T00:00:00+08:00</StartTime>
            <EndTime>2025-12-07T00:00:00+08:00</EndTime>
            <ElementValue>
              <MinTemperature>17</MinTemperature>
            </ElementValue>
          </Time>
        </WeatherElement>
        <WeatherElement>
          <ElementName>Average Dew Point Temperature</ElementName>
          <Time>
            <StartTime>2025-11-30T00:00:00+08:00</StartTime>
            <EndTime>2025-12-01T00:00:00+08:00</EndTime>
            <ElementValue>
              <DewPoint>15</DewPoint>
            </ElementValue>
          </Time>
          <Time>
            <StartTime>2025-12-01T00:00:00+08:00</StartTime>
            <EndTime>2025-12-02T00:00:00+08:00</EndTime>
            <ElementValue>
              <DewPoint>18</DewPoint>
            </ElementValue>
          </Time>
          <Time>
            <StartTime>2025-12-02T00:00:00+08:00</StartTime>
            <EndTime>2025-12-03T00:00:00+08:00</EndTime>
            <ElementValue>
              <DewPoint>17</DewPoint>
            </ElementValue>
          </Time>
          <Time>
            <StartTime>2025-12-03T00:00:00+08:00</StartTime>
            <EndTime>2025-12-04T00:00:00+08:00</EndTime>
            <ElementValue>
              <DewPoint>15</DewPoint>
            </ElementValue>
          </Time>
          <Time>
            <StartTime>2025-12-04T00:00:00+08:00</StartTime>
            <EndTime>2025-12-05T00:00:00+08:00</EndTime>
            <ElementValue>
              <DewPoint>13</DewPoint>
            </ElementValue>
          </Time>
          <Time>
            <StartTime>2025-12-05T00:00:00+08:00</StartTime>
            <EndTime>2025-12-06T00:00:00+08:00</EndTime>
            <ElementValue>
              <DewPoint>13</DewPoint>
            </ElementValue>
          </Time>
          <Time>
            <StartTime>2025-12-06T00:00:00+08:00</StartTime>
            <EndTime>2025-12-07T00:00:00+08:00</EndTime>
            <ElementValue>
              <DewPoint>15</DewPoint>
            </ElementValue>
          </Time>
        </WeatherElement>
        <WeatherElement>
          <ElementName>Average Relative Humidity</ElementName>
          <Time>
            <StartTime>2025-11-30T00:00:00+08:00</StartTime>
            <EndTime>2025-12-01T00:00:00+08:00</EndTime>
            <ElementValue>
              <RelativeHumidity>77</RelativeHumidity>
            </ElementValue>
          </Time>
          <Time>
            <StartTime>2025-12-01T00:00:00+08:00</StartTime>
            <EndTime>2025-12-02T00:00:00+08:00</EndTime>
            <ElementValue>
              <RelativeHumidity>83</RelativeHumidity>
            </ElementValue>
          </Time>
          <Time>
            <StartTime>2025-12-02T00:00:00+08:00</StartTime>
            <EndTime>2025-12-03T00:00:00+08:00</EndTime>
            <ElementValue>
              <RelativeHumidity>83</RelativeHumidity>
            </ElementValue>
          </Time>
          <Time>
            <StartTime>2025-12-03T00:00:00+08:00</StartTime>
            <EndTime>2025-12-04T00:00:00+08:00</EndTime>
            <ElementValue>
              <RelativeHumidity>82</RelativeHumidity>
            </ElementValue>
          </Time>
          <Time>
            <StartTime>2025-12-04T00:00:00+08:00</StartTime>
            <EndTime>2025-12-05T00:00:00+08:00</EndTime>
            <ElementValue>
              <RelativeHumidity>75</RelativeHumidity>
            </ElementValue>
          </Time>
          <Time>
            <StartTime>2025-12-05T00:00:00+08:00</StartTime>
            <EndTime>2025-12-06T00:00:00+08:00</EndTime>
            <ElementValue>
              <RelativeHumidity>72</RelativeHumidity>
            </ElementValue>
          </Time>
          <Time>
            <StartTime>2025-12-06T00:00:00+08:00</StartTime>
            <EndTime>2025-12-07T00:00:00+08:00</EndTime>
            <ElementValue>
              <RelativeHumidity>77</RelativeHumidity>
            </ElementValue>
          </Time>
        </WeatherElement>
        <WeatherElement>
          <ElementName>Maximum Apparent Temperature</ElementName>
          <Time>
            <StartTime>2025-11-30T00:00:00+08:00</StartTime>
            <EndTime>2025-12-01T00:00:00+08:00</EndTime>
            <ElementValue>
              <MaxApparentTemperature>26</MaxApparentTemperature>
            </ElementValue>
          </Time>
          <Time>
            <StartTime>2025-12-01T00:00:00+08:00</StartTime>
            <EndTime>2025-12-02T00:00:00+08:00</EndTime>
            <ElementValue>
              <MaxApparentTemperature>28</MaxApparentTemperature>
            </ElementValue>
          </Time>
          <Time>
            <StartTime>2025-12-02T00:00:00+08:00</StartTime>
            <EndTime>2025-12-03T00:00:00+08:00</EndTime>
            <ElementValue>
              <MaxApparentTemperature>25</MaxApparentTemperature>
            </ElementValue>
          </Time>
          <Time>
            <StartTime>2025-12-03T00:00:00+08:00</StartTime>
            <EndTime>2025-12-04T00:00:00+08:00</EndTime>
            <ElementValue>
              <MaxApparentTemperature>21</MaxApparentTemperature>
            </ElementValue>
          </Time>
          <Time>
            <StartTime>2025-12-04T00:00:00+08:00</StartTime>
            <EndTime>2025-12-05T00:00:00+08:00</EndTime>
            <ElementValue>
              <MaxApparentTemperature>19</MaxApparentTemperature>
            </ElementValue>
          </Time>
          <Time>
            <StartTime>2025-12-05T00:00:00+08:00</StartTime>
            <EndTime>2025-12-06T00:00:00+08:00</EndTime>
            <ElementValue>
              <MaxApparentTemperature>22</MaxApparentTemperature>
            </ElementValue>
          </Time>
          <Time>
            <StartTime>2025-12-06T00:00:00+08:00</StartTime>
            <EndTime>2025-12-07T00:00:00+08:00</EndTime>
            <ElementValue>
              <MaxApparentTemperature>24</MaxApparentTemperature>
            </ElementValue>
          </Time>
        </WeatherElement>
        <WeatherElement>
          <ElementName>Minimum Apparent Temperature</ElementName>
          <Time>
            <StartTime>2025-11-30T00:00:00+08:00</StartTime>
            <EndTime>2025-12-01T00:00:00+08:00</EndTime>
            <ElementValue>
              <MinApparentTemperature>16</MinApparentTemperature>
            </ElementValue>
          </Time>
          <Time>
            <StartTime>2025-12-01T00:00:00+08:00</StartTime>
            <EndTime>2025-12-02T00:00:00+08:00</EndTime>
            <ElementValue>
              <MinApparentTemperature>20</MinApparentTemperature>
            </ElementValue>
          </Time>
          <Time>
            <StartTime>2025-12-02T00:00:00+08:00</StartTime>
            <EndTime>2025-12-03T00:00:00+08:00</EndTime>
            <ElementValue>
              <MinApparentTemperature>20</MinApparentTemperature>
            </ElementValue>
          </Time>
          <Time>
            <StartTime>2025-12-03T00:00:00+08:00</StartTime>
            <EndTime>2025-12-04T00:00:00+08:00</EndTime>
            <ElementValue>
              <MinApparentTemperature>15</MinApparentTemperature>
            </ElementValue>
          </Time>
          <Time>
            <StartTime>2025-12-04T00:00:00+08:00</StartTime>
            <EndTime>2025-12-05T00:00:00+08:00</EndTime>
            <ElementValue>
              <MinApparentTemperature>14</MinApparentTemperature>
            </ElementValue>
          </Time>
          <Time>
            <StartTime>2025-12-05T00:00:00+08:00</StartTime>
            <EndTime>2025-12-06T00:00:00+08:00</EndTime>
            <ElementValue>
              <MinApparentTemperature>16</MinApparentTemperature>
            </ElementValue>
          </Time>
          <Time>
            <StartTime>2025-12-06T00:00:00+08:00</StartTime>
            <EndTime>2025-12-07T00:00:00+08:00</EndTime>
            <ElementValue>
              <MinApparentTemperature>18</MinApparentTemperature>
            </ElementValue>
          </Time>
        </WeatherElement>
        <WeatherElement>
          <ElementName>Maximum Comfort Index</ElementName>
          <Time>
            <StartTime>2025-11-30T00:00:00+08:00</StartTime>
            <EndTime>2025-12-01T00:00:00+08:00</EndTime>
            <ElementValue>
              <MaxComfortIndex>22</MaxComfortIndex>
              <MaxComfortIndexDescription>Comfortable</MaxComfortIndexDescription>
            </ElementValue>
          </Time>
          <Time>
            <StartTime>2025-12-01T00:00:00+08:00</StartTime>
            <EndTime>2025-12-02T00:00:00+08:00</EndTime>
            <ElementValue>
              <MaxComfortIndex>23</MaxComfortIndex>
              <MaxComfortIndexDescription>Comfortable</MaxComfortIndexDescription>
            </ElementValue>
          </Time>
          <Time>
            <StartTime>2025-12-02T00:00:00+08:00</StartTime>
            <EndTime>2025-12-03T00:00:00+08:00</EndTime>
            <ElementValue>
              <MaxComfortIndex>22</MaxComfortIndex>
              <MaxComfortIndexDescription>Comfortable</MaxComfortIndexDescription>
            </ElementValue>
          </Time>
          <Time>
            <StartTime>2025-12-03T00:00:00+08:00</StartTime>
            <EndTime>2025-12-04T00:00:00+08:00</EndTime>
            <ElementValue>
              <MaxComfortIndex>19</MaxComfortIndex>
              <MaxComfortIndexDescription>Cool</MaxComfortIndexDescription>
            </ElementValue>
          </Time>
          <Time>
            <StartTime>2025-12-04T00:00:00+08:00</StartTime>
            <EndTime>2025-12-05T00:00:00+08:00</EndTime>
            <ElementValue>
              <MaxComfortIndex>18</MaxComfortIndex>
              <MaxComfortIndexDescription>Cool</MaxComfortIndexDescription>
            </ElementValue>
          </Time>
          <Time>
            <StartTime>2025-12-05T00:00:00+08:00</StartTime>
            <EndTime>2025-12-06T00:00:00+08:00</EndTime>
            <ElementValue>
              <MaxComfortIndex>20</MaxComfortIndex>
              <MaxComfortIndexDescription>Comfortable</MaxComfortIndexDescription>
            </ElementValue>
          </Time>
          <Time>
            <StartTime>2025-12-06T00:00:00+08:00</StartTime>
            <EndTime>2025-12-07T00:00:00+08:00</EndTime>
            <ElementValue>
              <MaxComfortIndex>21</MaxComfortIndex>
              <MaxComfortIndexDescription>Comfortable</MaxComfortIndexDescription>
            </ElementValue>
          </Time>
        </WeatherElement>
        <WeatherElement>
          <ElementName>Minimum Comfort Index</ElementName>
          <Time>
            <StartTime>2025-11-30T00:00:00+08:00</StartTime>
            <EndTime>2025-12-01T00:00:00+08:00</EndTime>
            <ElementValue>
              <MinComfortIndex>16</MinComfortIndex>
              <MinComfortIndexDescription>Cool</MinComfortIndexDescription>
            </ElementValue>
          </Time>
          <Time>
            <StartTime>2025-12-01T00:00:00+08:00</StartTime>
            <EndTime>2025-12-02T00:00:00+08:00</EndTime>
            <ElementValue>
              <MinComfortIndex>18</MinComfortIndex>
              <MinComfortIndexDescription>Cool</MinComfortIndexDescription>
            </ElementValue>
          </Time>
          <Time>
            <StartTime>2025-12-02T00:00:00+08:00</StartTime>
            <EndTime>2025-12-03T00:00:00+08:00</EndTime>
            <ElementValue>
              <MinComfortIndex>18</MinComfortIndex>
              <MinComfortIndexDescription>Cool</MinComfortIndexDescription>
            </ElementValue>
          </Time>
          <Time>
            <StartTime>2025-12-03T00:00:00+08:00</StartTime>
            <EndTime>2025-12-04T00:00:00+08:00</EndTime>
            <ElementValue>
              <MinComfortIndex>16</MinComfortIndex>
              <MinComfortIndexDescription>Cool</MinComfortIndexDescription>
            </ElementValue>
          </Time>
          <Time>
            <StartTime>2025-12-04T00:00:00+08:00</StartTime>
            <EndTime>2025-12-05T00:00:00+08:00</EndTime>
            <ElementValue>
              <MinComfortIndex>15</MinComfortIndex>
              <MinComfortIndexDescription>Cold</MinComfortIndexDescription>
            </ElementValue>
          </Time>
          <Time>
            <StartTime>2025-12-05T00:00:00+08:00</StartTime>
            <EndTime>2025-12-06T00:00:00+08:00</EndTime>
            <ElementValue>
              <MinComfortIndex>16</MinComfortIndex>
              <MinComfortIndexDescription>Cool</MinComfortIndexDescription>
            </ElementValue>
          </Time>
          <Time>
            <StartTime>2025-12-06T00:00:00+08:00</StartTime>
            <EndTime>2025-12-07T00:00:00+08:00</EndTime>
            <ElementValue>
              <MinComfortIndex>17</MinComfortIndex>
              <MinComfortIndexDescription>Cool</MinComfortIndexDescription>
            </ElementValue>
          </Time>
        </WeatherElement>
        <WeatherElement>
          <ElementName>Wind Speed</ElementName>
          <Time>
            <StartTime>2025-11-30T00:00:00+08:00</StartTime>
            <EndTime>2025-12-01T00:00:00+08:00</EndTime>
            <ElementValue>
              <WindSpeed>2</WindSpeed>
              <BeaufortScale>2</BeaufortScale>
            </ElementValue>
          </Time>
          <Time>
            <StartTime>2025-12-01T00:00:00+08:00</StartTime>
            <EndTime>2025-12-02T00:00:00+08:00</EndTime>
            <ElementValue>
              <WindSpeed>2</WindSpeed>
              <BeaufortScale>2</BeaufortScale>
            </ElementValue>
          </Time>
          <Time>
            <StartTime>2025-12-02T00:00:00+08:00</StartTime>
            <EndTime>2025-12-03T00:00:00+08:00</EndTime>
            <ElementValue>
              <WindSpeed>3</WindSpeed>
              <BeaufortScale>2</BeaufortScale>
            </ElementValue>
          </Time>
          <Time>
            <StartTime>2025-12-03T00:00:00+08:00</StartTime>
            <EndTime>2025-12-04T00:00:00+08:00</EndTime>
            <ElementValue>
              <WindSpeed>3</WindSpeed>
              <BeaufortScale>2</BeaufortScale>
            </ElementValue>
          </Time>
          <Time>
            <StartTime>2025-12-04T00:00:00+08:00</StartTime>
            <EndTime>2025-12-05T00:00:00+08:00</EndTime>
            <ElementValue>
              <WindSpeed>3</WindSpeed>
              <BeaufortScale>2</BeaufortScale>
            </ElementValue>
          </Time>
          <Time>
            <StartTime>2025-12-05T00:00:00+08:00</StartTime>
            <EndTime>2025-12-06T00:00:00+08:00</EndTime>
            <ElementValue>
              <WindSpeed>3</WindSpeed>
              <BeaufortScale>2</BeaufortScale>
            </ElementValue>
          </Time>
          <Time>
            <StartTime>2025-12-06T00:00:00+08:00</StartTime>
            <EndTime>2025-12-07T00:00:00+08:00</EndTime>
            <ElementValue>
              <WindSpeed>3</WindSpeed>
              <BeaufortScale>2</BeaufortScale>
            </ElementValue>
          </Time>
        </WeatherElement>
        <WeatherElement>
          <ElementName>Wind Direction</ElementName>
          <Time>
            <StartTime>2025-11-30T00:00:00+08:00</StartTime>
            <EndTime>2025-12-01T00:00:00+08:00</EndTime>
            <ElementValue>
              <WindDirection>NW</WindDirection>
            </ElementValue>
          </Time>
          <Time>
            <StartTime>2025-12-01T00:00:00+08:00</StartTime>
            <EndTime>2025-12-02T00:00:00+08:00</EndTime>
            <ElementValue>
              <WindDirection>NE</WindDirection>
            </ElementValue>
          </Time>
          <Time>
            <StartTime>2025-12-02T00:00:00+08:00</StartTime>
            <EndTime>2025-12-03T00:00:00+08:00</EndTime>
            <ElementValue>
              <WindDirection>NE</WindDirection>
            </ElementValue>
          </Time>
          <Time>
            <StartTime>2025-12-03T00:00:00+08:00</StartTime>
            <EndTime>2025-12-04T00:00:00+08:00</EndTime>
            <ElementValue>
              <WindDirection>NE</WindDirection>
            </ElementValue>
          </Time>
          <Time>
            <StartTime>2025-12-04T00:00:00+08:00</StartTime>
            <EndTime>2025-12-05T00:00:00+08:00</EndTime>
            <ElementValue>
              <WindDirection>NE</WindDirection>
            </ElementValue>
          </Time>
          <Time>
            <StartTime>2025-12-05T00:00:00+08:00</StartTime>
            <EndTime>2025-12-06T00:00:00+08:00</EndTime>
            <ElementValue>
              <WindDirection>NE</WindDirection>
            </ElementValue>
          </Time>
          <Time>
            <StartTime>2025-12-06T00:00:00+08:00</StartTime>
            <EndTime>2025-12-07T00:00:00+08:00</EndTime>
            <ElementValue>
              <WindDirection>NE</WindDirection>
            </ElementValue>
          </Time>
        </WeatherElement>
        <WeatherElement>
          <ElementName>24 Hours Probability Of Precipitation</ElementName>
          <Time>
            <StartTime>2025-11-30T00:00:00+08:00</StartTime>
            <EndTime>2025-12-01T00:00:00+08:00</EndTime>
            <ElementValue>
              <ProbabilityOfPrecipitation>30</ProbabilityOfPrecipitation>
            </ElementValue>
          </Time>
          <Time>
            <StartTime>2025-12-01T00:00:00+08:00</StartTime>
            <EndTime>2025-12-02T00:00:00+08:00</EndTime>
            <ElementValue>
              <ProbabilityOfPrecipitation>30</ProbabilityOfPrecipitation>
            </ElementValue>
          </Time>
          <Time>
            <StartTime>2025-12-02T00:00:00+08:00</StartTime>
            <EndTime>2025-12-03T00:00:00+08:00</EndTime>
            <ElementValue>
              <ProbabilityOfPrecipitation>10</ProbabilityOfPrecipitation>
            </ElementValue>
          </Time>
          <Time>
            <StartTime>2025-12-03T00:00:00+08:00</StartTime>
            <EndTime>2025-12-04T00:00:00+08:00</EndTime>
            <ElementValue>
              <ProbabilityOfPrecipitation>-</ProbabilityOfPrecipitation>
            </ElementValue>
          </Time>
          <Time>
            <StartTime>2025-12-04T00:00:00+08:00</StartTime>
            <EndTime>2025-12-05T00:00:00+08:00</EndTime>
            <ElementValue>
              <ProbabilityOfPrecipitation>-</ProbabilityOfPrecipitation>
            </ElementValue>
          </Time>
          <Time>
            <StartTime>2025-12-05T00:00:00+08:00</StartTime>
            <EndTime>2025-12-06T00:00:00+08:00</EndTime>
            <ElementValue>
              <ProbabilityOfPrecipitation>-</ProbabilityOfPrecipitation>
            </ElementValue>
          </Time>
          <Time>
            <StartTime>2025-12-06T00:00:00+08:00</StartTime>
            <EndTime>2025-12-07T00:00:00+08:00</EndTime>
            <ElementValue>
              <ProbabilityOfPrecipitation>-</ProbabilityOfPrecipitation>
            </ElementValue>
          </Time>
        </WeatherElement>
        <WeatherElement>
          <ElementName>Weather</ElementName>
          <Time>
            <StartTime>2025-11-30T00:00:00+08:00</StartTime>
            <EndTime>2025-12-01T00:00:00+08:00</EndTime>
            <ElementValue>
              <Weather>Partly cloudy with occasional rain</Weather>
              <WeatherCode>08</WeatherCode>
            </ElementValue>
          </Time>
          <Time>
            <StartTime>2025-12-01T00:00:00+08:00</StartTime>
            <EndTime>2025-12-02T00:00:00+08:00</EndTime>
            <ElementValue>
              <Weather>Mostly cloudy with occasional rain</Weather>
              <WeatherCode>09</WeatherCode>
            </ElementValue>
          </Time>
          <Time>
            <StartTime>2025-12-02T00:00:00+08:00</StartTime>
            <EndTime>2025-12-03T00:00:00+08:00</EndTime>
            <ElementValue>
              <Weather>Mostly cloudy</Weather>
              <WeatherCode>06</WeatherCode>
            </ElementValue>
          </Time>
          <Time>
            <StartTime>2025-12-03T00:00:00+08:00</StartTime>
            <EndTime>2025-12-04T00:00:00+08:00</EndTime>
            <ElementValue>
              <Weather>Cloudy with occasional rain</Weather>
              <WeatherCode>11</WeatherCode>
            </ElementValue>
          </Time>
          <Time>
            <StartTime>2025-12-04T00:00:00+08:00</StartTime>
            <EndTime>2025-12-05T00:00:00+08:00</EndTime>
            <ElementValue>
              <Weather>Mostly cloudy with occasional rain</Weather>
              <WeatherCode>09</WeatherCode>
            </ElementValue>
          </Time>
          <Time>
            <StartTime>2025-12-05T00:00:00+08:00</StartTime>
            <EndTime>2025-12-06T00:00:00+08:00</EndTime>
            <ElementValue>
              <Weather>Partly cloudy</Weather>
              <WeatherCode>04</WeatherCode>
            </ElementValue>
          </Time>
          <Time>
            <StartTime>2025-12-06T00:00:00+08:00</StartTime>
            <EndTime>2025-12-07T00:00:00+08:00</EndTime>
            <ElementValue>
              <Weather>Mostly clear</Weather>
              <WeatherCode>02</WeatherCode>
            </ElementValue>
          </Time>
        </WeatherElement>
        <WeatherElement>
          <ElementName>Ultraviolet Index</ElementName>
          <Time>
            <StartTime>2025-11-30T00:00:00+08:00</StartTime>
            <EndTime>2025-12-01T00:00:00+08:00</EndTime>
            <ElementValue>
              <UVIndex>5</UVIndex>
              <UVExposureLevel>Moderate</UVExposureLevel>
            </ElementValue>
          </Time>
          <Time>
            <StartTime>2025-12-01T00:00:00+08:00</StartTime>
            <EndTime>2025-12-02T00:00:00+08:00</EndTime>
            <ElementValue>
              <UVIndex>3</UVIndex>
              <UVExposureLevel>Moderate</UVExposureLevel>
            </ElementValue>
          </Time>
          <Time>
            <StartTime>2025-12-02T00:00:00+08:00</StartTime>
            <EndTime>2025-12-03T00:00:00+08:00</EndTime>
            <ElementValue>
              <UVIndex>4</UVIndex>
              <UVExposureLevel>Moderate</UVExposureLevel>
            </ElementValue>
          </Time>
          <Time>
            <StartTime>2025-12-03T00:00:00+08:00</StartTime>
            <EndTime>2025-12-04T00:00:00+08:00</EndTime>
            <ElementValue>
              <UVIndex>2</UVIndex>
              <UVExposureLevel>Low</UVExposureLevel>
            </ElementValue>
          </Time>
          <Time>
            <StartTime>2025-12-04T00:00:00+08:00</StartTime>
            <EndTime>2025-12-05T00:00:00+08:00</EndTime>
            <ElementValue>
              <UVIndex>3</UVIndex>
              <UVExposureLevel>Moderate</UVExposureLevel>
            </ElementValue>
          </Time>
          <Time>
            <StartTime>2025-12-05T00:00:00+08:00</StartTime>
            <EndTime>2025-12-06T00:00:00+08:00</EndTime>
            <ElementValue>
              <UVIndex>4</UVIndex>
              <UVExposureLevel>Moderate</UVExposureLevel>
            </ElementValue>
          </Time>
          <Time>
            <StartTime>2025-12-06T00:00:00+08:00</StartTime>
            <EndTime>2025-12-07T00:00:00+08:00</EndTime>
            <ElementValue>
              <UVIndex>5</UVIndex>
              <UVExposureLevel>Moderate</UVExposureLevel>
            </ElementValue>
          </Time>
        </WeatherElement>
        <WeatherElement>
          <ElementName>Weather Description</ElementName>
          <Time>
            <StartTime>2025-11-30T00:00:00+08:00</StartTime>
            <EndTime>2025-12-01T00:00:00+08:00</EndTime>
            <ElementValue>
              <WeatherDescription>Partly cloudy with occasional rain. Temperature between 16 and 24 centigrade. Cool ~ Comfortable. NorthWest wind 2m/s. Chance of precipitation 30%.</WeatherDescription>
            </ElementValue>
          </Time>
          <Time>
            <StartTime>2025-12-01T00:00:00+08:00</StartTime>
            <EndTime>2025-12-02T00:00:00+08:00</EndTime>
            <ElementValue>
              <WeatherDescription>Mostly cloudy with occasional rain. Temperature between 18 and 24 centigrade. Cool ~ Comfortable. NorthEast wind 2m/s. Chance of precipitation 30%.</WeatherDescription>
            </ElementValue>
          </Time>
          <Time>
            <StartTime>2025-12-02T00:00:00+08:00</StartTime>
            <EndTime>2025-12-03T00:00:00+08:00</EndTime>
            <ElementValue>
              <WeatherDescription>Mostly cloudy. Temperature between 18 and 24 centigrade. Cool ~ Comfortable. NorthEast wind 3m/s. Chance of precipitation 10%.</WeatherDescription>
            </ElementValue>
          </Time>
          <Time>
            <StartTime>2025-12-03T00:00:00+08:00</StartTime>
            <EndTime>2025-12-04T00:00:00+08:00</EndTime>
            <ElementValue>
              <WeatherDescription>Cloudy with occasional rain. Temperature between 16 and 20 centigrade. Cool. NorthEast wind 3m/s. Chance of precipitation -%.</WeatherDescription>
            </ElementValue>
          </Time>
          <Time>
            <StartTime>2025-12-04T00:00:00+08:00</StartTime>
            <EndTime>2025-12-05T00:00:00+08:00</EndTime>
            <ElementValue>
              <WeatherDescription>Mostly cloudy with occasional rain. Temperature between 15 and 19 centigrade. Cold ~ Cool. NorthEast wind 3m/s. Chance of precipitation -%.</WeatherDescription>
            </ElementValue>
          </Time>
          <Time>
            <StartTime>2025-12-05T00:00:00+08:00</StartTime>
            <EndTime>2025-12-06T00:00:00+08:00</EndTime>
            <ElementValue>
              <WeatherDescription>Partly cloudy. Temperature between 16 and 22 centigrade. Cool ~ Comfortable. NorthEast wind 3m/s. Chance of precipitation -%.</WeatherDescription>
            </ElementValue>
          </Time>
          <Time>
            <StartTime>2025-12-06T00:00:00+08:00</StartTime>
            <EndTime>2025-12-07T00:00:00+08:00</EndTime>
            <ElementValue>
              <WeatherDescription>Mostly clear. Temperature between 17 and 23 centigrade. Cool ~ Comfortable. NorthEast wind 3m/s. Chance of precipitation -%.</WeatherDescription>
            </ElementValue>
          </Time>
        </WeatherElement>
      </Location>
      <Location>
        <LocationName>North District</LocationName>
        <Geocode>10018020</Geocode>
        <Latitude>24.818109</Latitude>
        <Longitude>120.96211</Longitude>
        <WeatherElement>
          <ElementName>Average Temperature</ElementName>
          <Time>
            <StartTime>2025-11-30T00:00:00+08:00</StartTime>
            <EndTime>2025-12-01T00:00:00+08:00</EndTime>
            <ElementValue>
              <Temperature>20</Temperature>
            </ElementValue>
          </Time>
          <Time>
            <StartTime>2025-12-01T00:00:00+08:00</StartTime>
            <EndTime>2025-12-02T00:00:00+08:00</EndTime>
            <ElementValue>
              <Temperature>21</Temperature>
            </ElementValue>
          </Time>
          <Time>
            <StartTime>2025-12-02T00:00:00+08:00</StartTime>
            <EndTime>2025-12-03T00:00:00+08:00</EndTime>
            <ElementValue>
              <Temperature>20</Temperature>
            </ElementValue>
          </Time>
          <Time>
            <StartTime>2025-12-03T00:00:00+08:00</StartTime>
            <EndTime>2025-12-04T00:00:00+08:00</EndTime>
            <ElementValue>
              <Temperature>18</Temperature>
            </ElementValue>
          </Time>
          <Time>
            <StartTime>2025-12-04T00:00:00+08:00</StartTime>
            <EndTime>2025-12-05T00:00:00+08:00</EndTime>
            <ElementValue>
              <Temperature>17</Temperature>
            </ElementValue>
          </Time>
          <Time>
            <StartTime>2025-12-05T00:00:00+08:00</StartTime>
            <EndTime>2025-12-06T00:00:00+08:00</EndTime>
            <ElementValue>
              <Temperature>19</Temperature>
            </ElementValue>
          </Time>
          <Time>
            <StartTime>2025-12-06T00:00:00+08:00</StartTime>
            <EndTime>2025-12-07T00:00:00+08:00</EndTime>
            <ElementValue>
              <Temperature>20</Temperature>
            </ElementValue>
          </Time>
        </WeatherElement>
        <WeatherElement>
          <ElementName>Maximum Temperature</ElementName>
          <Time>
            <StartTime>2025-11-30T00:00:00+08:00</StartTime>
            <EndTime>2025-12-01T00:00:00+08:00</EndTime>
            <ElementValue>
              <MaxTemperature>24</MaxTemperature>
            </ElementValue>
          </Time>
          <Time>
            <StartTime>2025-12-01T00:00:00+08:00</StartTime>
            <EndTime>2025-12-02T00:00:00+08:00</EndTime>
            <ElementValue>
              <MaxTemperature>24</MaxTemperature>
            </ElementValue>
          </Time>
          <Time>
            <StartTime>2025-12-02T00:00:00+08:00</StartTime>
            <EndTime>2025-12-03T00:00:00+08:00</EndTime>
            <ElementValue>
              <MaxTemperature>23</MaxTemperature>
            </ElementValue>
          </Time>
          <Time>
            <StartTime>2025-12-03T00:00:00+08:00</StartTime>
            <EndTime>2025-12-04T00:00:00+08:00</EndTime>
            <ElementValue>
              <MaxTemperature>20</MaxTemperature>
            </ElementValue>
          </Time>
          <Time>
            <StartTime>2025-12-04T00:00:00+08:00</StartTime>
            <EndTime>2025-12-05T00:00:00+08:00</EndTime>
            <ElementValue>
              <MaxTemperature>19</MaxTemperature>
            </ElementValue>
          </Time>
          <Time>
            <StartTime>2025-12-05T00:00:00+08:00</StartTime>
            <EndTime>2025-12-06T00:00:00+08:00</EndTime>
            <ElementValue>
              <MaxTemperature>22</MaxTemperature>
            </ElementValue>
          </Time>
          <Time>
            <StartTime>2025-12-06T00:00:00+08:00</StartTime>
            <EndTime>2025-12-07T00:00:00+08:00</EndTime>
            <ElementValue>
              <MaxTemperature>23</MaxTemperature>
            </ElementValue>
          </Time>
        </WeatherElement>
        <WeatherElement>
          <ElementName>Minimum Temperature</ElementName>
          <Time>
            <StartTime>2025-11-30T00:00:00+08:00</StartTime>
            <EndTime>2025-12-01T00:00:00+08:00</EndTime>
            <ElementValue>
              <MinTemperature>16</MinTemperature>
            </ElementValue>
          </Time>
          <Time>
            <StartTime>2025-12-01T00:00:00+08:00</StartTime>
            <EndTime>2025-12-02T00:00:00+08:00</EndTime>
            <ElementValue>
              <MinTemperature>19</MinTemperature>
            </ElementValue>
          </Time>
          <Time>
            <StartTime>2025-12-02T00:00:00+08:00</StartTime>
            <EndTime>2025-12-03T00:00:00+08:00</EndTime>
            <ElementValue>
              <MinTemperature>19</MinTemperature>
            </ElementValue>
          </Time>
          <Time>
            <StartTime>2025-12-03T00:00:00+08:00</StartTime>
            <EndTime>2025-12-04T00:00:00+08:00</EndTime>
            <ElementValue>
              <MinTemperature>16</MinTemperature>
            </ElementValue>
          </Time>
          <Time>
            <StartTime>2025-12-04T00:00:00+08:00</StartTime>
            <EndTime>2025-12-05T00:00:00+08:00</EndTime>
            <ElementValue>
              <MinTemperature>15</MinTemperature>
            </ElementValue>
          </Time>
          <Time>
            <StartTime>2025-12-05T00:00:00+08:00</StartTime>
            <EndTime>2025-12-06T00:00:00+08:00</EndTime>
            <ElementValue>
              <MinTemperature>16</MinTemperature>
            </ElementValue>
          </Time>
          <Time>
            <StartTime>2025-12-06T00:00:00+08:00</StartTime>
            <EndTime>2025-12-07T00:00:00+08:00</EndTime>
            <ElementValue>
              <MinTemperature>17</MinTemperature>
            </ElementValue>
          </Time>
        </WeatherElement>
        <WeatherElement>
          <ElementName>Average Dew Point Temperature</ElementName>
          <Time>
            <StartTime>2025-11-30T00:00:00+08:00</StartTime>
            <EndTime>2025-12-01T00:00:00+08:00</EndTime>
            <ElementValue>
              <DewPoint>16</DewPoint>
            </ElementValue>
          </Time>
          <Time>
            <StartTime>2025-12-01T00:00:00+08:00</StartTime>
            <EndTime>2025-12-02T00:00:00+08:00</EndTime>
            <ElementValue>
              <DewPoint>18</DewPoint>
            </ElementValue>
          </Time>
          <Time>
            <StartTime>2025-12-02T00:00:00+08:00</StartTime>
            <EndTime>2025-12-03T00:00:00+08:00</EndTime>
            <ElementValue>
              <DewPoint>18</DewPoint>
            </ElementValue>
          </Time>
          <Time>
            <StartTime>2025-12-03T00:00:00+08:00</StartTime>
            <EndTime>2025-12-04T00:00:00+08:00</EndTime>
            <ElementValue>
              <DewPoint>15</DewPoint>
            </ElementValue>
          </Time>
          <Time>
            <StartTime>2025-12-04T00:00:00+08:00</StartTime>
            <EndTime>2025-12-05T00:00:00+08:00</EndTime>
            <ElementValue>
              <DewPoint>13</DewPoint>
            </ElementValue>
          </Time>
          <Time>
            <StartTime>2025-12-05T00:00:00+08:00</StartTime>
            <EndTime>2025-12-06T00:00:00+08:00</EndTime>
            <ElementValue>
              <DewPoint>14</DewPoint>
            </ElementValue>
          </Time>
          <Time>
            <StartTime>2025-12-06T00:00:00+08:00</StartTime>
            <EndTime>2025-12-07T00:00:00+08:00</EndTime>
            <ElementValue>
              <DewPoint>15</DewPoint>
            </ElementValue>
          </Time>
        </WeatherElement>
        <WeatherElement>
          <ElementName>Average Relative Humidity</ElementName>
          <Time>
            <StartTime>2025-11-30T00:00:00+08:00</StartTime>
            <EndTime>2025-12-01T00:00:00+08:00</EndTime>
            <ElementValue>
              <RelativeHumidity>80</RelativeHumidity>
            </ElementValue>
          </Time>
          <Time>
            <StartTime>2025-12-01T00:00:00+08:00</StartTime>
            <EndTime>2025-12-02T00:00:00+08:00</EndTime>
            <ElementValue>
              <RelativeHumidity>85</RelativeHumidity>
            </ElementValue>
          </Time>
          <Time>
            <StartTime>2025-12-02T00:00:00+08:00</StartTime>
            <EndTime>2025-12-03T00:00:00+08:00</EndTime>
            <ElementValue>
              <RelativeHumidity>85</RelativeHumidity>
            </ElementValue>
          </Time>
          <Time>
            <StartTime>2025-12-03T00:00:00+08:00</StartTime>
            <EndTime>2025-12-04T00:00:00+08:00</EndTime>
            <ElementValue>
              <RelativeHumidity>83</RelativeHumidity>
            </ElementValue>
          </Time>
          <Time>
            <StartTime>2025-12-04T00:00:00+08:00</StartTime>
            <EndTime>2025-12-05T00:00:00+08:00</EndTime>
            <ElementValue>
              <RelativeHumidity>76</RelativeHumidity>
            </ElementValue>
          </Time>
          <Time>
            <StartTime>2025-12-05T00:00:00+08:00</StartTime>
            <EndTime>2025-12-06T00:00:00+08:00</EndTime>
            <ElementValue>
              <RelativeHumidity>73</RelativeHumidity>
            </ElementValue>
          </Time>
          <Time>
            <StartTime>2025-12-06T00:00:00+08:00</StartTime>
            <EndTime>2025-12-07T00:00:00+08:00</EndTime>
            <ElementValue>
              <RelativeHumidity>78</RelativeHumidity>
            </ElementValue>
          </Time>
        </WeatherElement>
        <WeatherElement>
          <ElementName>Maximum Apparent Temperature</ElementName>
          <Time>
            <StartTime>2025-11-30T00:00:00+08:00</StartTime>
            <EndTime>2025-12-01T00:00:00+08:00</EndTime>
            <ElementValue>
              <MaxApparentTemperature>25</MaxApparentTemperature>
            </ElementValue>
          </Time>
          <Time>
            <StartTime>2025-12-01T00:00:00+08:00</StartTime>
            <EndTime>2025-12-02T00:00:00+08:00</EndTime>
            <ElementValue>
              <MaxApparentTemperature>27</MaxApparentTemperature>
            </ElementValue>
          </Time>
          <Time>
            <StartTime>2025-12-02T00:00:00+08:00</StartTime>
            <EndTime>2025-12-03T00:00:00+08:00</EndTime>
            <ElementValue>
              <MaxApparentTemperature>25</MaxApparentTemperature>
            </ElementValue>
          </Time>
          <Time>
            <StartTime>2025-12-03T00:00:00+08:00</StartTime>
            <EndTime>2025-12-04T00:00:00+08:00</EndTime>
            <ElementValue>
              <MaxApparentTemperature>21</MaxApparentTemperature>
            </ElementValue>
          </Time>
          <Time>
            <StartTime>2025-12-04T00:00:00+08:00</StartTime>
            <EndTime>2025-12-05T00:00:00+08:00</EndTime>
            <ElementValue>
              <MaxApparentTemperature>19</MaxApparentTemperature>
            </ElementValue>
          </Time>
          <Time>
            <StartTime>2025-12-05T00:00:00+08:00</StartTime>
            <EndTime>2025-12-06T00:00:00+08:00</EndTime>
            <ElementValue>
              <MaxApparentTemperature>22</MaxApparentTemperature>
            </ElementValue>
          </Time>
          <Time>
            <StartTime>2025-12-06T00:00:00+08:00</StartTime>
            <EndTime>2025-12-07T00:00:00+08:00</EndTime>
            <ElementValue>
              <MaxApparentTemperature>24</MaxApparentTemperature>
            </ElementValue>
          </Time>
        </WeatherElement>
        <WeatherElement>
          <ElementName>Minimum Apparent Temperature</ElementName>
          <Time>
            <StartTime>2025-11-30T00:00:00+08:00</StartTime>
            <EndTime>2025-12-01T00:00:00+08:00</EndTime>
            <ElementValue>
              <MinApparentTemperature>17</MinApparentTemperature>
            </ElementValue>
          </Time>
          <Time>
            <StartTime>2025-12-01T00:00:00+08:00</StartTime>
            <EndTime>2025-12-02T00:00:00+08:00</EndTime>
            <ElementValue>
              <MinApparentTemperature>19</MinApparentTemperature>
            </ElementValue>
          </Time>
          <Time>
            <StartTime>2025-12-02T00:00:00+08:00</StartTime>
            <EndTime>2025-12-03T00:00:00+08:00</EndTime>
            <ElementValue>
              <MinApparentTemperature>21</MinApparentTemperature>
            </ElementValue>
          </Time>
          <Time>
            <StartTime>2025-12-03T00:00:00+08:00</StartTime>
            <EndTime>2025-12-04T00:00:00+08:00</EndTime>
            <ElementValue>
              <MinApparentTemperature>15</MinApparentTemperature>
            </ElementValue>
          </Time>
          <Time>
            <StartTime>2025-12-04T00:00:00+08:00</StartTime>
            <EndTime>2025-12-05T00:00:00+08:00</EndTime>
            <ElementValue>
              <MinApparentTemperature>14</MinApparentTemperature>
            </ElementValue>
          </Time>
          <Time>
            <StartTime>2025-12-05T00:00:00+08:00</StartTime>
            <EndTime>2025-12-06T00:00:00+08:00</EndTime>
            <ElementValue>
              <MinApparentTemperature>16</MinApparentTemperature>
            </ElementValue>
          </Time>
          <Time>
            <StartTime>2025-12-06T00:00:00+08:00</StartTime>
            <EndTime>2025-12-07T00:00:00+08:00</EndTime>
            <ElementValue>
              <MinApparentTemperature>18</MinApparentTemperature>
            </ElementValue>
          </Time>
        </WeatherElement>
        <WeatherElement>
          <ElementName>Maximum Comfort Index</ElementName>
          <Time>
            <StartTime>2025-11-30T00:00:00+08:00</StartTime>
            <EndTime>2025-12-01T00:00:00+08:00</EndTime>
            <ElementValue>
              <MaxComfortIndex>22</MaxComfortIndex>
              <MaxComfortIndexDescription>Comfortable</MaxComfortIndexDescription>
            </ElementValue>
          </Time>
          <Time>
            <StartTime>2025-12-01T00:00:00+08:00</StartTime>
            <EndTime>2025-12-02T00:00:00+08:00</EndTime>
            <ElementValue>
              <MaxComfortIndex>23</MaxComfortIndex>
              <MaxComfortIndexDescription>Comfortable</MaxComfortIndexDescription>
            </ElementValue>
          </Time>
          <Time>
            <StartTime>2025-12-02T00:00:00+08:00</StartTime>
            <EndTime>2025-12-03T00:00:00+08:00</EndTime>
            <ElementValue>
              <MaxComfortIndex>22</MaxComfortIndex>
              <MaxComfortIndexDescription>Comfortable</MaxComfortIndexDescription>
            </ElementValue>
          </Time>
          <Time>
            <StartTime>2025-12-03T00:00:00+08:00</StartTime>
            <EndTime>2025-12-04T00:00:00+08:00</EndTime>
            <ElementValue>
              <MaxComfortIndex>19</MaxComfortIndex>
              <MaxComfortIndexDescription>Cool</MaxComfortIndexDescription>
            </ElementValue>
          </Time>
          <Time>
            <StartTime>2025-12-04T00:00:00+08:00</StartTime>
            <EndTime>2025-12-05T00:00:00+08:00</EndTime>
            <ElementValue>
              <MaxComfortIndex>18</MaxComfortIndex>
              <MaxComfortIndexDescription>Cool</MaxComfortIndexDescription>
            </ElementValue>
          </Time>
          <Time>
            <StartTime>2025-12-05T00:00:00+08:00</StartTime>
            <EndTime>2025-12-06T00:00:00+08:00</EndTime>
            <ElementValue>
              <MaxComfortIndex>20</MaxComfortIndex>
              <MaxComfortIndexDescription>Comfortable</MaxComfortIndexDescription>
            </ElementValue>
          </Time>
          <Time>
            <StartTime>2025-12-06T00:00:00+08:00</StartTime>
            <EndTime>2025-12-07T00:00:00+08:00</EndTime>
            <ElementValue>
              <MaxComfortIndex>21</MaxComfortIndex>
              <MaxComfortIndexDescription>Comfortable</MaxComfortIndexDescription>
            </ElementValue>
          </Time>
        </WeatherElement>
        <WeatherElement>
          <ElementName>Minimum Comfort Index</ElementName>
          <Time>
            <StartTime>2025-11-30T00:00:00+08:00</StartTime>
            <EndTime>2025-12-01T00:00:00+08:00</EndTime>
            <ElementValue>
              <MinComfortIndex>16</MinComfortIndex>
              <MinComfortIndexDescription>Cool</MinComfortIndexDescription>
            </ElementValue>
          </Time>
          <Time>
            <StartTime>2025-12-01T00:00:00+08:00</StartTime>
            <EndTime>2025-12-02T00:00:00+08:00</EndTime>
            <ElementValue>
              <MinComfortIndex>18</MinComfortIndex>
              <MinComfortIndexDescription>Cool</MinComfortIndexDescription>
            </ElementValue>
          </Time>
          <Time>
            <StartTime>2025-12-02T00:00:00+08:00</StartTime>
            <EndTime>2025-12-03T00:00:00+08:00</EndTime>
            <ElementValue>
              <MinComfortIndex>18</MinComfortIndex>
              <MinComfortIndexDescription>Cool</MinComfortIndexDescription>
            </ElementValue>
          </Time>
          <Time>
            <StartTime>2025-12-03T00:00:00+08:00</StartTime>
            <EndTime>2025-12-04T00:00:00+08:00</EndTime>
            <ElementValue>
              <MinComfortIndex>16</MinComfortIndex>
              <MinComfortIndexDescription>Cool</MinComfortIndexDescription>
            </ElementValue>
          </Time>
          <Time>
            <StartTime>2025-12-04T00:00:00+08:00</StartTime>
            <EndTime>2025-12-05T00:00:00+08:00</EndTime>
            <ElementValue>
              <MinComfortIndex>15</MinComfortIndex>
              <MinComfortIndexDescription>Cold</MinComfortIndexDescription>
            </ElementValue>
          </Time>
          <Time>
            <StartTime>2025-12-05T00:00:00+08:00</StartTime>
            <EndTime>2025-12-06T00:00:00+08:00</EndTime>
            <ElementValue>
              <MinComfortIndex>16</MinComfortIndex>
              <MinComfortIndexDescription>Cool</MinComfortIndexDescription>
            </ElementValue>
          </Time>
          <Time>
            <StartTime>2025-12-06T00:00:00+08:00</StartTime>
            <EndTime>2025-12-07T00:00:00+08:00</EndTime>
            <ElementValue>
              <MinComfortIndex>17</MinComfortIndex>
              <MinComfortIndexDescription>Cool</MinComfortIndexDescription>
            </ElementValue>
          </Time>
        </WeatherElement>
        <WeatherElement>
          <ElementName>Wind Speed</ElementName>
          <Time>
            <StartTime>2025-11-30T00:00:00+08:00</StartTime>
            <EndTime>2025-12-01T00:00:00+08:00</EndTime>
            <ElementValue>
              <WindSpeed>2</WindSpeed>
              <BeaufortScale>2</BeaufortScale>
            </ElementValue>
          </Time>
          <Time>
            <StartTime>2025-12-01T00:00:00+08:00</StartTime>
            <EndTime>2025-12-02T00:00:00+08:00</EndTime>
            <ElementValue>
              <WindSpeed>2</WindSpeed>
              <BeaufortScale>2</BeaufortScale>
            </ElementValue>
          </Time>
          <Time>
            <StartTime>2025-12-02T00:00:00+08:00</StartTime>
            <EndTime>2025-12-03T00:00:00+08:00</EndTime>
            <ElementValue>
              <WindSpeed>3</WindSpeed>
              <BeaufortScale>2</BeaufortScale>
            </ElementValue>
          </Time>
          <Time>
            <StartTime>2025-12-03T00:00:00+08:00</StartTime>
            <EndTime>2025-12-04T00:00:00+08:00</EndTime>
            <ElementValue>
              <WindSpeed>3</WindSpeed>
              <BeaufortScale>2</BeaufortScale>
            </ElementValue>
          </Time>
          <Time>
            <StartTime>2025-12-04T00:00:00+08:00</StartTime>
            <EndTime>2025-12-05T00:00:00+08:00</EndTime>
            <ElementValue>
              <WindSpeed>3</WindSpeed>
              <BeaufortScale>2</BeaufortScale>
            </ElementValue>
          </Time>
          <Time>
            <StartTime>2025-12-05T00:00:00+08:00</StartTime>
            <EndTime>2025-12-06T00:00:00+08:00</EndTime>
            <ElementValue>
              <WindSpeed>3</WindSpeed>
              <BeaufortScale>2</BeaufortScale>
            </ElementValue>
          </Time>
          <Time>
            <StartTime>2025-12-06T00:00:00+08:00</StartTime>
            <EndTime>2025-12-07T00:00:00+08:00</EndTime>
            <ElementValue>
              <WindSpeed>3</WindSpeed>
              <BeaufortScale>2</BeaufortScale>
            </ElementValue>
          </Time>
        </WeatherElement>
        <WeatherElement>
          <ElementName>Wind Direction</ElementName>
          <Time>
            <StartTime>2025-11-30T00:00:00+08:00</StartTime>
            <EndTime>2025-12-01T00:00:00+08:00</EndTime>
            <ElementValue>
              <WindDirection>SE</WindDirection>
            </ElementValue>
          </Time>
          <Time>
            <StartTime>2025-12-01T00:00:00+08:00</StartTime>
            <EndTime>2025-12-02T00:00:00+08:00</EndTime>
            <ElementValue>
              <WindDirection>NE</WindDirection>
            </ElementValue>
          </Time>
          <Time>
            <StartTime>2025-12-02T00:00:00+08:00</StartTime>
            <EndTime>2025-12-03T00:00:00+08:00</EndTime>
            <ElementValue>
              <WindDirection>NE</WindDirection>
            </ElementValue>
          </Time>
          <Time>
            <StartTime>2025-12-03T00:00:00+08:00</StartTime>
            <EndTime>2025-12-04T00:00:00+08:00</EndTime>
            <ElementValue>
              <WindDirection>NE</WindDirection>
            </ElementValue>
          </Time>
          <Time>
            <StartTime>2025-12-04T00:00:00+08:00</StartTime>
            <EndTime>2025-12-05T00:00:00+08:00</EndTime>
            <ElementValue>
              <WindDirection>NE</WindDirection>
            </ElementValue>
          </Time>
          <Time>
            <StartTime>2025-12-05T00:00:00+08:00</StartTime>
            <EndTime>2025-12-06T00:00:00+08:00</EndTime>
            <ElementValue>
              <WindDirection>NE</WindDirection>
            </ElementValue>
          </Time>
          <Time>
            <StartTime>2025-12-06T00:00:00+08:00</StartTime>
            <EndTime>2025-12-07T00:00:00+08:00</EndTime>
            <ElementValue>
              <WindDirection>NE</WindDirection>
            </ElementValue>
          </Time>
        </WeatherElement>
        <WeatherElement>
          <ElementName>24 Hours Probability Of Precipitation</ElementName>
          <Time>
            <StartTime>2025-11-30T00:00:00+08:00</StartTime>
            <EndTime>2025-12-01T00:00:00+08:00</EndTime>
            <ElementValue>
              <ProbabilityOfPrecipitation>30</ProbabilityOfPrecipitation>
            </ElementValue>
          </Time>
          <Time>
            <StartTime>2025-12-01T00:00:00+08:00</StartTime>
            <EndTime>2025-12-02T00:00:00+08:00</EndTime>
            <ElementValue>
              <ProbabilityOfPrecipitation>30</ProbabilityOfPrecipitation>
            </ElementValue>
          </Time>
          <Time>
            <StartTime>2025-12-02T00:00:00+08:00</StartTime>
            <EndTime>2025-12-03T00:00:00+08:00</EndTime>
            <ElementValue>
              <ProbabilityOfPrecipitation>10</ProbabilityOfPrecipitation>
            </ElementValue>
          </Time>
          <Time>
            <StartTime>2025-12-03T00:00:00+08:00</StartTime>
            <EndTime>2025-12-04T00:00:00+08:00</EndTime>
            <ElementValue>
              <ProbabilityOfPrecipitation>-</ProbabilityOfPrecipitation>
            </ElementValue>
          </Time>
          <Time>
            <StartTime>2025-12-04T00:00:00+08:00</StartTime>
            <EndTime>2025-12-05T00:00:00+08:00</EndTime>
            <ElementValue>
              <ProbabilityOfPrecipitation>-</ProbabilityOfPrecipitation>
            </ElementValue>
          </Time>
          <Time>
            <StartTime>2025-12-05T00:00:00+08:00</StartTime>
            <EndTime>2025-12-06T00:00:00+08:00</EndTime>
            <ElementValue>
              <ProbabilityOfPrecipitation>-</ProbabilityOfPrecipitation>
            </ElementValue>
          </Time>
          <Time>
            <StartTime>2025-12-06T00:00:00+08:00</StartTime>
            <EndTime>2025-12-07T00:00:00+08:00</EndTime>
            <ElementValue>
              <ProbabilityOfPrecipitation>-</ProbabilityOfPrecipitation>
            </ElementValue>
          </Time>
        </WeatherElement>
        <WeatherElement>
          <ElementName>Weather</ElementName>
          <Time>
            <StartTime>2025-11-30T00:00:00+08:00</StartTime>
            <EndTime>2025-12-01T00:00:00+08:00</EndTime>
            <ElementValue>
              <Weather>Partly cloudy with occasional rain</Weather>
              <WeatherCode>08</WeatherCode>
            </ElementValue>
          </Time>
          <Time>
            <StartTime>2025-12-01T00:00:00+08:00</StartTime>
            <EndTime>2025-12-02T00:00:00+08:00</EndTime>
            <ElementValue>
              <Weather>Mostly cloudy with occasional rain</Weather>
              <WeatherCode>09</WeatherCode>
            </ElementValue>
          </Time>
          <Time>
            <StartTime>2025-12-02T00:00:00+08:00</StartTime>
            <EndTime>2025-12-03T00:00:00+08:00</EndTime>
            <ElementValue>
              <Weather>Mostly cloudy</Weather>
              <WeatherCode>06</WeatherCode>
            </ElementValue>
          </Time>
          <Time>
            <StartTime>2025-12-03T00:00:00+08:00</StartTime>
            <EndTime>2025-12-04T00:00:00+08:00</EndTime>
            <ElementValue>
              <Weather>Cloudy with occasional rain</Weather>
              <WeatherCode>11</WeatherCode>
            </ElementValue>
          </Time>
          <Time>
            <StartTime>2025-12-04T00:00:00+08:00</StartTime>
            <EndTime>2025-12-05T00:00:00+08:00</EndTime>
            <ElementValue>
              <Weather>Mostly cloudy with occasional rain</Weather>
              <WeatherCode>09</WeatherCode>
            </ElementValue>
          </Time>
          <Time>
            <StartTime>2025-12-05T00:00:00+08:00</StartTime>
            <EndTime>2025-12-06T00:00:00+08:00</EndTime>
            <ElementValue>
              <Weather>Partly cloudy</Weather>
              <WeatherCode>04</WeatherCode>
            </ElementValue>
          </Time>
          <Time>
            <StartTime>2025-12-06T00:00:00+08:00</StartTime>
            <EndTime>2025-12-07T00:00:00+08:00</EndTime>
            <ElementValue>
              <Weather>Mostly clear</Weather>
              <WeatherCode>02</WeatherCode>
            </ElementValue>
          </Time>
        </WeatherElement>
        <WeatherElement>
          <ElementName>Ultraviolet Index</ElementName>
          <Time>
            <StartTime>2025-11-30T00:00:00+08:00</StartTime>
            <EndTime>2025-12-01T00:00:00+08:00</EndTime>
            <ElementValue>
              <UVIndex>5</UVIndex>
              <UVExposureLevel>Moderate</UVExposureLevel>
            </ElementValue>
          </Time>
          <Time>
            <StartTime>2025-12-01T00:00:00+08:00</StartTime>
            <EndTime>2025-12-02T00:00:00+08:00</EndTime>
            <ElementValue>
              <UVIndex>3</UVIndex>
              <UVExposureLevel>Moderate</UVExposureLevel>
            </ElementValue>
          </Time>
          <Time>
            <StartTime>2025-12-02T00:00:00+08:00</StartTime>
            <EndTime>2025-12-03T00:00:00+08:00</EndTime>
            <ElementValue>
              <UVIndex>4</UVIndex>
              <UVExposureLevel>Moderate</UVExposureLevel>
            </ElementValue>
          </Time>
          <Time>
            <StartTime>2025-12-03T00:00:00+08:00</StartTime>
            <EndTime>2025-12-04T00:00:00+08:00</EndTime>
            <ElementValue>
              <UVIndex>2</UVIndex>
              <UVExposureLevel>Low</UVExposureLevel>
            </ElementValue>
          </Time>
          <Time>
            <StartTime>2025-12-04T00:00:00+08:00</StartTime>
            <EndTime>2025-12-05T00:00:00+08:00</EndTime>
            <ElementValue>
              <UVIndex>3</UVIndex>
              <UVExposureLevel>Moderate</UVExposureLevel>
            </ElementValue>
          </Time>
          <Time>
            <StartTime>2025-12-05T00:00:00+08:00</StartTime>
            <EndTime>2025-12-06T00:00:00+08:00</EndTime>
            <ElementValue>
              <UVIndex>4</UVIndex>
              <UVExposureLevel>Moderate</UVExposureLevel>
            </ElementValue>
          </Time>
          <Time>
            <StartTime>2025-12-06T00:00:00+08:00</StartTime>
            <EndTime>2025-12-07T00:00:00+08:00</EndTime>
            <ElementValue>
              <UVIndex>5</UVIndex>
              <UVExposureLevel>Moderate</UVExposureLevel>
            </ElementValue>
          </Time>
        </WeatherElement>
        <WeatherElement>
          <ElementName>Weather Description</ElementName>
          <Time>
            <StartTime>2025-11-30T00:00:00+08:00</StartTime>
            <EndTime>2025-12-01T00:00:00+08:00</EndTime>
            <ElementValue>
              <WeatherDescription>Partly cloudy with occasional rain. Temperature between 16 and 24 centigrade. Cool ~ Comfortable. SouthEast wind 2m/s. Chance of precipitation 30%.</WeatherDescription>
            </ElementValue>
          </Time>
          <Time>
            <StartTime>2025-12-01T00:00:00+08:00</StartTime>
            <EndTime>2025-12-02T00:00:00+08:00</EndTime>
            <ElementValue>
              <WeatherDescription>Mostly cloudy with occasional rain. Temperature between 19 and 24 centigrade. Cool ~ Comfortable. NorthEast wind 2m/s. Chance of precipitation 30%.</WeatherDescription>
            </ElementValue>
          </Time>
          <Time>
            <StartTime>2025-12-02T00:00:00+08:00</StartTime>
            <EndTime>2025-12-03T00:00:00+08:00</EndTime>
            <ElementValue>
              <WeatherDescription>Mostly cloudy. Temperature between 19 and 23 centigrade. Cool ~ Comfortable. NorthEast wind 3m/s. Chance of precipitation 10%.</WeatherDescription>
            </ElementValue>
          </Time>
          <Time>
            <StartTime>2025-12-03T00:00:00+08:00</StartTime>
            <EndTime>2025-12-04T00:00:00+08:00</EndTime>
            <ElementValue>
              <WeatherDescription>Cloudy with occasional rain. Temperature between 16 and 20 centigrade. Cool. NorthEast wind 3m/s. Chance of precipitation -%.</WeatherDescription>
            </ElementValue>
          </Time>
          <Time>
            <StartTime>2025-12-04T00:00:00+08:00</StartTime>
            <EndTime>2025-12-05T00:00:00+08:00</EndTime>
            <ElementValue>
              <WeatherDescription>Mostly cloudy with occasional rain. Temperature between 15 and 19 centigrade. Cold ~ Cool. NorthEast wind 3m/s. Chance of precipitation -%.</WeatherDescription>
            </ElementValue>
          </Time>
          <Time>
            <StartTime>2025-12-05T00:00:00+08:00</StartTime>
            <EndTime>2025-12-06T00:00:00+08:00</EndTime>
            <ElementValue>
              <WeatherDescription>Partly cloudy. Temperature between 16 and 22 centigrade. Cool ~ Comfortable. NorthEast wind 3m/s. Chance of precipitation -%.</WeatherDescription>
            </ElementValue>
          </Time>
          <Time>
            <StartTime>2025-12-06T00:00:00+08:00</StartTime>
            <EndTime>2025-12-07T00:00:00+08:00</EndTime>
            <ElementValue>
              <WeatherDescription>Mostly clear. Temperature between 17 and 23 centigrade. Cool ~ Comfortable. NorthEast wind 3m/s. Chance of precipitation -%.</WeatherDescription>
            </ElementValue>
          </Time>
        </WeatherElement>
      </Location>
      <Location>
        <LocationName>Xiangshan District</LocationName>
        <Geocode>10018030</Geocode>
        <Latitude>24.798788</Latitude>
        <Longitude>120.933766</Longitude>
        <WeatherElement>
          <ElementName>Average Temperature</ElementName>
          <Time>
            <StartTime>2025-11-30T00:00:00+08:00</StartTime>
            <EndTime>2025-12-01T00:00:00+08:00</EndTime>
            <ElementValue>
              <Temperature>20</Temperature>
            </ElementValue>
          </Time>
          <Time>
            <StartTime>2025-12-01T00:00:00+08:00</StartTime>
            <EndTime>2025-12-02T00:00:00+08:00</EndTime>
            <ElementValue>
              <Temperature>21</Temperature>
            </ElementValue>
          </Time>
          <Time>
            <StartTime>2025-12-02T00:00:00+08:00</StartTime>
            <EndTime>2025-12-03T00:00:00+08:00</EndTime>
            <ElementValue>
              <Temperature>20</Temperature>
            </ElementValue>
          </Time>
          <Time>
            <StartTime>2025-12-03T00:00:00+08:00</StartTime>
            <EndTime>2025-12-04T00:00:00+08:00</EndTime>
            <ElementValue>
              <Temperature>18</Temperature>
            </ElementValue>
          </Time>
          <Time>
            <StartTime>2025-12-04T00:00:00+08:00</StartTime>
            <EndTime>2025-12-05T00:00:00+08:00</EndTime>
            <ElementValue>
              <Temperature>17</Temperature>
            </ElementValue>
          </Time>
          <Time>
            <StartTime>2025-12-05T00:00:00+08:00</StartTime>
            <EndTime>2025-12-06T00:00:00+08:00</EndTime>
            <ElementValue>
              <Temperature>19</Temperature>
            </ElementValue>
          </Time>
          <Time>
            <StartTime>2025-12-06T00:00:00+08:00</StartTime>
            <EndTime>2025-12-07T00:00:00+08:00</EndTime>
            <ElementValue>
              <Temperature>20</Temperature>
            </ElementValue>
          </Time>
        </WeatherElement>
        <WeatherElement>
          <ElementName>Maximum Temperature</ElementName>
          <Time>
            <StartTime>2025-11-30T00:00:00+08:00</StartTime>
            <EndTime>2025-12-01T00:00:00+08:00</EndTime>
            <ElementValue>
              <MaxTemperature>23</MaxTemperature>
            </ElementValue>
          </Time>
          <Time>
            <StartTime>2025-12-01T00:00:00+08:00</StartTime>
            <EndTime>2025-12-02T00:00:00+08:00</EndTime>
            <ElementValue>
              <MaxTemperature>24</MaxTemperature>
            </ElementValue>
          </Time>
          <Time>
            <StartTime>2025-12-02T00:00:00+08:00</StartTime>
            <EndTime>2025-12-03T00:00:00+08:00</EndTime>
            <ElementValue>
              <MaxTemperature>23</MaxTemperature>
            </ElementValue>
          </Time>
          <Time>
            <StartTime>2025-12-03T00:00:00+08:00</StartTime>
            <EndTime>2025-12-04T00:00:00+08:00</EndTime>
            <ElementValue>
              <MaxTemperature>19</MaxTemperature>
            </ElementValue>
          </Time>
          <Time>
            <StartTime>2025-12-04T00:00:00+08:00</StartTime>
            <EndTime>2025-12-05T00:00:00+08:00</EndTime>
            <ElementValue>
              <MaxTemperature>20</MaxTemperature>
            </ElementValue>
          </Time>
          <Time>
            <StartTime>2025-12-05T00:00:00+08:00</StartTime>
            <EndTime>2025-12-06T00:00:00+08:00</EndTime>
            <ElementValue>
              <MaxTemperature>22</MaxTemperature>
            </ElementValue>
          </Time>
          <Time>
            <StartTime>2025-12-06T00:00:00+08:00</StartTime>
            <EndTime>2025-12-07T00:00:00+08:00</EndTime>
            <ElementValue>
              <MaxTemperature>23</MaxTemperature>
            </ElementValue>
          </Time>
        </WeatherElement>
        <WeatherElement>
          <ElementName>Minimum Temperature</ElementName>
          <Time>
            <StartTime>2025-11-30T00:00:00+08:00</StartTime>
            <EndTime>2025-12-01T00:00:00+08:00</EndTime>
            <ElementValue>
              <MinTemperature>16</MinTemperature>
            </ElementValue>
          </Time>
          <Time>
            <StartTime>2025-12-01T00:00:00+08:00</StartTime>
            <EndTime>2025-12-02T00:00:00+08:00</EndTime>
            <ElementValue>
              <MinTemperature>19</MinTemperature>
            </ElementValue>
          </Time>
          <Time>
            <StartTime>2025-12-02T00:00:00+08:00</StartTime>
            <EndTime>2025-12-03T00:00:00+08:00</EndTime>
            <ElementValue>
              <MinTemperature>18</MinTemperature>
            </ElementValue>
          </Time>
          <Time>
            <StartTime>2025-12-03T00:00:00+08:00</StartTime>
            <EndTime>2025-12-04T00:00:00+08:00</EndTime>
            <ElementValue>
              <MinTemperature>16</MinTemperature>
            </ElementValue>
          </Time>
          <Time>
            <StartTime>2025-12-04T00:00:00+08:00</StartTime>
            <EndTime>2025-12-05T00:00:00+08:00</EndTime>
            <ElementValue>
              <MinTemperature>15</MinTemperature>
            </ElementValue>
          </Time>
          <Time>
            <StartTime>2025-12-05T00:00:00+08:00</StartTime>
            <EndTime>2025-12-06T00:00:00+08:00</EndTime>
            <ElementValue>
              <MinTemperature>16</MinTemperature>
            </ElementValue>
          </Time>
          <Time>
            <StartTime>2025-12-06T00:00:00+08:00</StartTime>
            <EndTime>2025-12-07T00:00:00+08:00</EndTime>
            <ElementValue>
              <MinTemperature>17</MinTemperature>
            </ElementValue>
          </Time>
        </WeatherElement>
        <WeatherElement>
          <ElementName>Average Dew Point Temperature</ElementName>
          <Time>
            <StartTime>2025-11-30T00:00:00+08:00</StartTime>
            <EndTime>2025-12-01T00:00:00+08:00</EndTime>
            <ElementValue>
              <DewPoint>16</DewPoint>
            </ElementValue>
          </Time>
          <Time>
            <StartTime>2025-12-01T00:00:00+08:00</StartTime>
            <EndTime>2025-12-02T00:00:00+08:00</EndTime>
            <ElementValue>
              <DewPoint>18</DewPoint>
            </ElementValue>
          </Time>
          <Time>
            <StartTime>2025-12-02T00:00:00+08:00</StartTime>
            <EndTime>2025-12-03T00:00:00+08:00</EndTime>
            <ElementValue>
              <DewPoint>18</DewPoint>
            </ElementValue>
          </Time>
          <Time>
            <StartTime>2025-12-03T00:00:00+08:00</StartTime>
            <EndTime>2025-12-04T00:00:00+08:00</EndTime>
            <ElementValue>
              <DewPoint>15</DewPoint>
            </ElementValue>
          </Time>
          <Time>
            <StartTime>2025-12-04T00:00:00+08:00</StartTime>
            <EndTime>2025-12-05T00:00:00+08:00</EndTime>
            <ElementValue>
              <DewPoint>13</DewPoint>
            </ElementValue>
          </Time>
          <Time>
            <StartTime>2025-12-05T00:00:00+08:00</StartTime>
            <EndTime>2025-12-06T00:00:00+08:00</EndTime>
            <ElementValue>
              <DewPoint>14</DewPoint>
            </ElementValue>
          </Time>
          <Time>
            <StartTime>2025-12-06T00:00:00+08:00</StartTime>
            <EndTime>2025-12-07T00:00:00+08:00</EndTime>
            <ElementValue>
              <DewPoint>16</DewPoint>
            </ElementValue>
          </Time>
        </WeatherElement>
        <WeatherElement>
          <ElementName>Average Relative Humidity</ElementName>
          <Time>
            <StartTime>2025-11-30T00:00:00+08:00</StartTime>
            <EndTime>2025-12-01T00:00:00+08:00</EndTime>
            <ElementValue>
              <RelativeHumidity>81</RelativeHumidity>
            </ElementValue>
          </Time>
          <Time>
            <StartTime>2025-12-01T00:00:00+08:00</StartTime>
            <EndTime>2025-12-02T00:00:00+08:00</EndTime>
            <ElementValue>
              <RelativeHumidity>87</RelativeHumidity>
            </ElementValue>
          </Time>
          <Time>
            <StartTime>2025-12-02T00:00:00+08:00</StartTime>
            <EndTime>2025-12-03T00:00:00+08:00</EndTime>
            <ElementValue>
              <RelativeHumidity>86</RelativeHumidity>
            </ElementValue>
          </Time>
          <Time>
            <StartTime>2025-12-03T00:00:00+08:00</StartTime>
            <EndTime>2025-12-04T00:00:00+08:00</EndTime>
            <ElementValue>
              <RelativeHumidity>84</RelativeHumidity>
            </ElementValue>
          </Time>
          <Time>
            <StartTime>2025-12-04T00:00:00+08:00</StartTime>
            <EndTime>2025-12-05T00:00:00+08:00</EndTime>
            <ElementValue>
              <RelativeHumidity>77</RelativeHumidity>
            </ElementValue>
          </Time>
          <Time>
            <StartTime>2025-12-05T00:00:00+08:00</StartTime>
            <EndTime>2025-12-06T00:00:00+08:00</EndTime>
            <ElementValue>
              <RelativeHumidity>74</RelativeHumidity>
            </ElementValue>
          </Time>
          <Time>
            <StartTime>2025-12-06T00:00:00+08:00</StartTime>
            <EndTime>2025-12-07T00:00:00+08:00</EndTime>
            <ElementValue>
              <RelativeHumidity>79</RelativeHumidity>
            </ElementValue>
          </Time>
        </WeatherElement>
        <WeatherElement>
          <ElementName>Maximum Apparent Temperature</ElementName>
          <Time>
            <StartTime>2025-11-30T00:00:00+08:00</StartTime>
            <EndTime>2025-12-01T00:00:00+08:00</EndTime>
            <ElementValue>
              <MaxApparentTemperature>25</MaxApparentTemperature>
            </ElementValue>
          </Time>
          <Time>
            <StartTime>2025-12-01T00:00:00+08:00</StartTime>
            <EndTime>2025-12-02T00:00:00+08:00</EndTime>
            <ElementValue>
              <MaxApparentTemperature>27</MaxApparentTemperature>
            </ElementValue>
          </Time>
          <Time>
            <StartTime>2025-12-02T00:00:00+08:00</StartTime>
            <EndTime>2025-12-03T00:00:00+08:00</EndTime>
            <ElementValue>
              <MaxApparentTemperature>25</MaxApparentTemperature>
            </ElementValue>
          </Time>
          <Time>
            <StartTime>2025-12-03T00:00:00+08:00</StartTime>
            <EndTime>2025-12-04T00:00:00+08:00</EndTime>
            <ElementValue>
              <MaxApparentTemperature>21</MaxApparentTemperature>
            </ElementValue>
          </Time>
          <Time>
            <StartTime>2025-12-04T00:00:00+08:00</StartTime>
            <EndTime>2025-12-05T00:00:00+08:00</EndTime>
            <ElementValue>
              <MaxApparentTemperature>19</MaxApparentTemperature>
            </ElementValue>
          </Time>
          <Time>
            <StartTime>2025-12-05T00:00:00+08:00</StartTime>
            <EndTime>2025-12-06T00:00:00+08:00</EndTime>
            <ElementValue>
              <MaxApparentTemperature>22</MaxApparentTemperature>
            </ElementValue>
          </Time>
          <Time>
            <StartTime>2025-12-06T00:00:00+08:00</StartTime>
            <EndTime>2025-12-07T00:00:00+08:00</EndTime>
            <ElementValue>
              <MaxApparentTemperature>24</MaxApparentTemperature>
            </ElementValue>
          </Time>
        </WeatherElement>
        <WeatherElement>
          <ElementName>Minimum Apparent Temperature</ElementName>
          <Time>
            <StartTime>2025-11-30T00:00:00+08:00</StartTime>
            <EndTime>2025-12-01T00:00:00+08:00</EndTime>
            <ElementValue>
              <MinApparentTemperature>17</MinApparentTemperature>
            </ElementValue>
          </Time>
          <Time>
            <StartTime>2025-12-01T00:00:00+08:00</StartTime>
            <EndTime>2025-12-02T00:00:00+08:00</EndTime>
            <ElementValue>
              <MinApparentTemperature>20</MinApparentTemperature>
            </ElementValue>
          </Time>
          <Time>
            <StartTime>2025-12-02T00:00:00+08:00</StartTime>
            <EndTime>2025-12-03T00:00:00+08:00</EndTime>
            <ElementValue>
              <MinApparentTemperature>21</MinApparentTemperature>
            </ElementValue>
          </Time>
          <Time>
            <StartTime>2025-12-03T00:00:00+08:00</StartTime>
            <EndTime>2025-12-04T00:00:00+08:00</EndTime>
            <ElementValue>
              <MinApparentTemperature>15</MinApparentTemperature>
            </ElementValue>
          </Time>
          <Time>
            <StartTime>2025-12-04T00:00:00+08:00</StartTime>
            <EndTime>2025-12-05T00:00:00+08:00</EndTime>
            <ElementValue>
              <MinApparentTemperature>14</MinApparentTemperature>
            </ElementValue>
          </Time>
          <Time>
            <StartTime>2025-12-05T00:00:00+08:00</StartTime>
            <EndTime>2025-12-06T00:00:00+08:00</EndTime>
            <ElementValue>
              <MinApparentTemperature>15</MinApparentTemperature>
            </ElementValue>
          </Time>
          <Time>
            <StartTime>2025-12-06T00:00:00+08:00</StartTime>
            <EndTime>2025-12-07T00:00:00+08:00</EndTime>
            <ElementValue>
              <MinApparentTemperature>18</MinApparentTemperature>
            </ElementValue>
          </Time>
        </WeatherElement>
        <WeatherElement>
          <ElementName>Maximum Comfort Index</ElementName>
          <Time>
            <StartTime>2025-11-30T00:00:00+08:00</StartTime>
            <EndTime>2025-12-01T00:00:00+08:00</EndTime>
            <ElementValue>
              <MaxComfortIndex>22</MaxComfortIndex>
              <MaxComfortIndexDescription>Comfortable</MaxComfortIndexDescription>
            </ElementValue>
          </Time>
          <Time>
            <StartTime>2025-12-01T00:00:00+08:00</StartTime>
            <EndTime>2025-12-02T00:00:00+08:00</EndTime>
            <ElementValue>
              <MaxComfortIndex>23</MaxComfortIndex>
              <MaxComfortIndexDescription>Comfortable</MaxComfortIndexDescription>
            </ElementValue>
          </Time>
          <Time>
            <StartTime>2025-12-02T00:00:00+08:00</StartTime>
            <EndTime>2025-12-03T00:00:00+08:00</EndTime>
            <ElementValue>
              <MaxComfortIndex>22</MaxComfortIndex>
              <MaxComfortIndexDescription>Comfortable</MaxComfortIndexDescription>
            </ElementValue>
          </Time>
          <Time>
            <StartTime>2025-12-03T00:00:00+08:00</StartTime>
            <EndTime>2025-12-04T00:00:00+08:00</EndTime>
            <ElementValue>
              <MaxComfortIndex>19</MaxComfortIndex>
              <MaxComfortIndexDescription>Cool</MaxComfortIndexDescription>
            </ElementValue>
          </Time>
          <Time>
            <StartTime>2025-12-04T00:00:00+08:00</StartTime>
            <EndTime>2025-12-05T00:00:00+08:00</EndTime>
            <ElementValue>
              <MaxComfortIndex>19</MaxComfortIndex>
              <MaxComfortIndexDescription>Cool</MaxComfortIndexDescription>
            </ElementValue>
          </Time>
          <Time>
            <StartTime>2025-12-05T00:00:00+08:00</StartTime>
            <EndTime>2025-12-06T00:00:00+08:00</EndTime>
            <ElementValue>
              <MaxComfortIndex>20</MaxComfortIndex>
              <MaxComfortIndexDescription>Comfortable</MaxComfortIndexDescription>
            </ElementValue>
          </Time>
          <Time>
            <StartTime>2025-12-06T00:00:00+08:00</StartTime>
            <EndTime>2025-12-07T00:00:00+08:00</EndTime>
            <ElementValue>
              <MaxComfortIndex>21</MaxComfortIndex>
              <MaxComfortIndexDescription>Comfortable</MaxComfortIndexDescription>
            </ElementValue>
          </Time>
        </WeatherElement>
        <WeatherElement>
          <ElementName>Minimum Comfort Index</ElementName>
          <Time>
            <StartTime>2025-11-30T00:00:00+08:00</StartTime>
            <EndTime>2025-12-01T00:00:00+08:00</EndTime>
            <ElementValue>
              <MinComfortIndex>16</MinComfortIndex>
              <MinComfortIndexDescription>Cool</MinComfortIndexDescription>
            </ElementValue>
          </Time>
          <Time>
            <StartTime>2025-12-01T00:00:00+08:00</StartTime>
            <EndTime>2025-12-02T00:00:00+08:00</EndTime>
            <ElementValue>
              <MinComfortIndex>18</MinComfortIndex>
              <MinComfortIndexDescription>Cool</MinComfortIndexDescription>
            </ElementValue>
          </Time>
          <Time>
            <StartTime>2025-12-02T00:00:00+08:00</StartTime>
            <EndTime>2025-12-03T00:00:00+08:00</EndTime>
            <ElementValue>
              <MinComfortIndex>18</MinComfortIndex>
              <MinComfortIndexDescription>Cool</MinComfortIndexDescription>
            </ElementValue>
          </Time>
          <Time>
            <StartTime>2025-12-03T00:00:00+08:00</StartTime>
            <EndTime>2025-12-04T00:00:00+08:00</EndTime>
            <ElementValue>
              <MinComfortIndex>16</MinComfortIndex>
              <MinComfortIndexDescription>Cool</MinComfortIndexDescription>
            </ElementValue>
          </Time>
          <Time>
            <StartTime>2025-12-04T00:00:00+08:00</StartTime>
            <EndTime>2025-12-05T00:00:00+08:00</EndTime>
            <ElementValue>
              <MinComfortIndex>15</MinComfortIndex>
              <MinComfortIndexDescription>Cold</MinComfortIndexDescription>
            </ElementValue>
          </Time>
          <Time>
            <StartTime>2025-12-05T00:00:00+08:00</StartTime>
            <EndTime>2025-12-06T00:00:00+08:00</EndTime>
            <ElementValue>
              <MinComfortIndex>16</MinComfortIndex>
              <MinComfortIndexDescription>Cool</MinComfortIndexDescription>
            </ElementValue>
          </Time>
          <Time>
            <StartTime>2025-12-06T00:00:00+08:00</StartTime>
            <EndTime>2025-12-07T00:00:00+08:00</EndTime>
            <ElementValue>
              <MinComfortIndex>17</MinComfortIndex>
              <MinComfortIndexDescription>Cool</MinComfortIndexDescription>
            </ElementValue>
          </Time>
        </WeatherElement>
        <WeatherElement>
          <ElementName>Wind Speed</ElementName>
          <Time>
            <StartTime>2025-11-30T00:00:00+08:00</StartTime>
            <EndTime>2025-12-01T00:00:00+08:00</EndTime>
            <ElementValue>
              <WindSpeed>2</WindSpeed>
              <BeaufortScale>2</BeaufortScale>
            </ElementValue>
          </Time>
          <Time>
            <StartTime>2025-12-01T00:00:00+08:00</StartTime>
            <EndTime>2025-12-02T00:00:00+08:00</EndTime>
            <ElementValue>
              <WindSpeed>2</WindSpeed>
              <BeaufortScale>2</BeaufortScale>
            </ElementValue>
          </Time>
          <Time>
            <StartTime>2025-12-02T00:00:00+08:00</StartTime>
            <EndTime>2025-12-03T00:00:00+08:00</EndTime>
            <ElementValue>
              <WindSpeed>3</WindSpeed>
              <BeaufortScale>2</BeaufortScale>
            </ElementValue>
          </Time>
          <Time>
            <StartTime>2025-12-03T00:00:00+08:00</StartTime>
            <EndTime>2025-12-04T00:00:00+08:00</EndTime>
            <ElementValue>
              <WindSpeed>4</WindSpeed>
              <BeaufortScale>3</BeaufortScale>
            </ElementValue>
          </Time>
          <Time>
            <StartTime>2025-12-04T00:00:00+08:00</StartTime>
            <EndTime>2025-12-05T00:00:00+08:00</EndTime>
            <ElementValue>
              <WindSpeed>4</WindSpeed>
              <BeaufortScale>3</BeaufortScale>
            </ElementValue>
          </Time>
          <Time>
            <StartTime>2025-12-05T00:00:00+08:00</StartTime>
            <EndTime>2025-12-06T00:00:00+08:00</EndTime>
            <ElementValue>
              <WindSpeed>3</WindSpeed>
              <BeaufortScale>2</BeaufortScale>
            </ElementValue>
          </Time>
          <Time>
            <StartTime>2025-12-06T00:00:00+08:00</StartTime>
            <EndTime>2025-12-07T00:00:00+08:00</EndTime>
            <ElementValue>
              <WindSpeed>3</WindSpeed>
              <BeaufortScale>2</BeaufortScale>
            </ElementValue>
          </Time>
        </WeatherElement>
        <WeatherElement>
          <ElementName>Wind Direction</ElementName>
          <Time>
            <StartTime>2025-11-30T00:00:00+08:00</StartTime>
            <EndTime>2025-12-01T00:00:00+08:00</EndTime>
            <ElementValue>
              <WindDirection>SE</WindDirection>
            </ElementValue>
          </Time>
          <Time>
            <StartTime>2025-12-01T00:00:00+08:00</StartTime>
            <EndTime>2025-12-02T00:00:00+08:00</EndTime>
            <ElementValue>
              <WindDirection>NE</WindDirection>
            </ElementValue>
          </Time>
          <Time>
            <StartTime>2025-12-02T00:00:00+08:00</StartTime>
            <EndTime>2025-12-03T00:00:00+08:00</EndTime>
            <ElementValue>
              <WindDirection>NE</WindDirection>
            </ElementValue>
          </Time>
          <Time>
            <StartTime>2025-12-03T00:00:00+08:00</StartTime>
            <EndTime>2025-12-04T00:00:00+08:00</EndTime>
            <ElementValue>
              <WindDirection>NE</WindDirection>
            </ElementValue>
          </Time>
          <Time>
            <StartTime>2025-12-04T00:00:00+08:00</StartTime>
            <EndTime>2025-12-05T00:00:00+08:00</EndTime>
            <ElementValue>
              <WindDirection>NE</WindDirection>
            </ElementValue>
          </Time>
          <Time>
            <StartTime>2025-12-05T00:00:00+08:00</StartTime>
            <EndTime>2025-12-06T00:00:00+08:00</EndTime>
            <ElementValue>
              <WindDirection>NE</WindDirection>
            </ElementValue>
          </Time>
          <Time>
            <StartTime>2025-12-06T00:00:00+08:00</StartTime>
            <EndTime>2025-12-07T00:00:00+08:00</EndTime>
            <ElementValue>
              <WindDirection>NE</WindDirection>
            </ElementValue>
          </Time>
        </WeatherElement>
        <WeatherElement>
          <ElementName>24 Hours Probability Of Precipitation</ElementName>
          <Time>
            <StartTime>2025-11-30T00:00:00+08:00</StartTime>
            <EndTime>2025-12-01T00:00:00+08:00</EndTime>
            <ElementValue>
              <ProbabilityOfPrecipitation>30</ProbabilityOfPrecipitation>
            </ElementValue>
          </Time>
          <Time>
            <StartTime>2025-12-01T00:00:00+08:00</StartTime>
            <EndTime>2025-12-02T00:00:00+08:00</EndTime>
            <ElementValue>
              <ProbabilityOfPrecipitation>30</ProbabilityOfPrecipitation>
            </ElementValue>
          </Time>
          <Time>
            <StartTime>2025-12-02T00:00:00+08:00</StartTime>
            <EndTime>2025-12-03T00:00:00+08:00</EndTime>
            <ElementValue>
              <ProbabilityOfPrecipitation>10</ProbabilityOfPrecipitation>
            </ElementValue>
          </Time>
          <Time>
            <StartTime>2025-12-03T00:00:00+08:00</StartTime>
            <EndTime>2025-12-04T00:00:00+08:00</EndTime>
            <ElementValue>
              <ProbabilityOfPrecipitation>-</ProbabilityOfPrecipitation>
            </ElementValue>
          </Time>
          <Time>
            <StartTime>2025-12-04T00:00:00+08:00</StartTime>
            <EndTime>2025-12-05T00:00:00+08:00</EndTime>
            <ElementValue>
              <ProbabilityOfPrecipitation>-</ProbabilityOfPrecipitation>
            </ElementValue>
          </Time>
          <Time>
            <StartTime>2025-12-05T00:00:00+08:00</StartTime>
            <EndTime>2025-12-06T00:00:00+08:00</EndTime>
            <ElementValue>
              <ProbabilityOfPrecipitation>-</ProbabilityOfPrecipitation>
            </ElementValue>
          </Time>
          <Time>
            <StartTime>2025-12-06T00:00:00+08:00</StartTime>
            <EndTime>2025-12-07T00:00:00+08:00</EndTime>
            <ElementValue>
              <ProbabilityOfPrecipitation>-</ProbabilityOfPrecipitation>
            </ElementValue>
          </Time>
        </WeatherElement>
        <WeatherElement>
          <ElementName>Weather</ElementName>
          <Time>
            <StartTime>2025-11-30T00:00:00+08:00</StartTime>
            <EndTime>2025-12-01T00:00:00+08:00</EndTime>
            <ElementValue>
              <Weather>Partly cloudy with occasional rain</Weather>
              <WeatherCode>08</WeatherCode>
            </ElementValue>
          </Time>
          <Time>
            <StartTime>2025-12-01T00:00:00+08:00</StartTime>
            <EndTime>2025-12-02T00:00:00+08:00</EndTime>
            <ElementValue>
              <Weather>Mostly cloudy with occasional rain</Weather>
              <WeatherCode>09</WeatherCode>
            </ElementValue>
          </Time>
          <Time>
            <StartTime>2025-12-02T00:00:00+08:00</StartTime>
            <EndTime>2025-12-03T00:00:00+08:00</EndTime>
            <ElementValue>
              <Weather>Mostly cloudy</Weather>
              <WeatherCode>06</WeatherCode>
            </ElementValue>
          </Time>
          <Time>
            <StartTime>2025-12-03T00:00:00+08:00</StartTime>
            <EndTime>2025-12-04T00:00:00+08:00</EndTime>
            <ElementValue>
              <Weather>Cloudy with occasional rain</Weather>
              <WeatherCode>11</WeatherCode>
            </ElementValue>
          </Time>
          <Time>
            <StartTime>2025-12-04T00:00:00+08:00</StartTime>
            <EndTime>2025-12-05T00:00:00+08:00</EndTime>
            <ElementValue>
              <Weather>Mostly cloudy with occasional rain</Weather>
              <WeatherCode>09</WeatherCode>
            </ElementValue>
          </Time>
          <Time>
            <StartTime>2025-12-05T00:00:00+08:00</StartTime>
            <EndTime>2025-12-06T00:00:00+08:00</EndTime>
            <ElementValue>
              <Weather>Partly cloudy</Weather>
              <WeatherCode>04</WeatherCode>
            </ElementValue>
          </Time>
          <Time>
            <StartTime>2025-12-06T00:00:00+08:00</StartTime>
            <EndTime>2025-12-07T00:00:00+08:00</EndTime>
            <ElementValue>
              <Weather>Mostly clear</Weather>
              <WeatherCode>02</WeatherCode>
            </ElementValue>
          </Time>
        </WeatherElement>
        <WeatherElement>
          <ElementName>Ultraviolet Index</ElementName>
          <Time>
            <StartTime>2025-11-30T00:00:00+08:00</StartTime>
            <EndTime>2025-12-01T00:00:00+08:00</EndTime>
            <ElementValue>
              <UVIndex>5</UVIndex>
              <UVExposureLevel>Moderate</UVExposureLevel>
            </ElementValue>
          </Time>
          <Time>
            <StartTime>2025-12-01T00:00:00+08:00</StartTime>
            <EndTime>2025-12-02T00:00:00+08:00</EndTime>
            <ElementValue>
              <UVIndex>3</UVIndex>
              <UVExposureLevel>Moderate</UVExposureLevel>
            </ElementValue>
          </Time>
          <Time>
            <StartTime>2025-12-02T00:00:00+08:00</StartTime>
            <EndTime>2025-12-03T00:00:00+08:00</EndTime>
            <ElementValue>
              <UVIndex>4</UVIndex>
              <UVExposureLevel>Moderate</UVExposureLevel>
            </ElementValue>
          </Time>
          <Time>
            <StartTime>2025-12-03T00:00:00+08:00</StartTime>
            <EndTime>2025-12-04T00:00:00+08:00</EndTime>
            <ElementValue>
              <UVIndex>2</UVIndex>
              <UVExposureLevel>Low</UVExposureLevel>
            </ElementValue>
          </Time>
          <Time>
            <StartTime>2025-12-04T00:00:00+08:00</StartTime>
            <EndTime>2025-12-05T00:00:00+08:00</EndTime>
            <ElementValue>
              <UVIndex>3</UVIndex>
              <UVExposureLevel>Moderate</UVExposureLevel>
            </ElementValue>
          </Time>
          <Time>
            <StartTime>2025-12-05T00:00:00+08:00</StartTime>
            <EndTime>2025-12-06T00:00:00+08:00</EndTime>
            <ElementValue>
              <UVIndex>4</UVIndex>
              <UVExposureLevel>Moderate</UVExposureLevel>
            </ElementValue>
          </Time>
          <Time>
            <StartTime>2025-12-06T00:00:00+08:00</StartTime>
            <EndTime>2025-12-07T00:00:00+08:00</EndTime>
            <ElementValue>
              <UVIndex>5</UVIndex>
              <UVExposureLevel>Moderate</UVExposureLevel>
            </ElementValue>
          </Time>
        </WeatherElement>
        <WeatherElement>
          <ElementName>Weather Description</ElementName>
          <Time>
            <StartTime>2025-11-30T00:00:00+08:00</StartTime>
            <EndTime>2025-12-01T00:00:00+08:00</EndTime>
            <ElementValue>
              <WeatherDescription>Partly cloudy with occasional rain. Temperature between 16 and 23 centigrade. Cool ~ Comfortable. SouthEast wind 2m/s. Chance of precipitation 30%.</WeatherDescription>
            </ElementValue>
          </Time>
          <Time>
            <StartTime>2025-12-01T00:00:00+08:00</StartTime>
            <EndTime>2025-12-02T00:00:00+08:00</EndTime>
            <ElementValue>
              <WeatherDescription>Mostly cloudy with occasional rain. Temperature between 19 and 24 centigrade. Cool ~ Comfortable. NorthEast wind 2m/s. Chance of precipitation 30%.</WeatherDescription>
            </ElementValue>
          </Time>
          <Time>
            <StartTime>2025-12-02T00:00:00+08:00</StartTime>
            <EndTime>2025-12-03T00:00:00+08:00</EndTime>
            <ElementValue>
              <WeatherDescription>Mostly cloudy. Temperature between 18 and 23 centigrade. Cool ~ Comfortable. NorthEast wind 3m/s. Chance of precipitation 10%.</WeatherDescription>
            </ElementValue>
          </Time>
          <Time>
            <StartTime>2025-12-03T00:00:00+08:00</StartTime>
            <EndTime>2025-12-04T00:00:00+08:00</EndTime>
            <ElementValue>
              <WeatherDescription>Cloudy with occasional rain. Temperature between 16 and 19 centigrade. Cool. NorthEast wind 4m/s. Chance of precipitation -%.</WeatherDescription>
            </ElementValue>
          </Time>
          <Time>
            <StartTime>2025-12-04T00:00:00+08:00</StartTime>
            <EndTime>2025-12-05T00:00:00+08:00</EndTime>
            <ElementValue>
              <WeatherDescription>Mostly cloudy with occasional rain. Temperature between 15 and 20 centigrade. Cold ~ Cool. NorthEast wind 4m/s. Chance of precipitation -%.</WeatherDescription>
            </ElementValue>
          </Time>
          <Time>
            <StartTime>2025-12-05T00:00:00+08:00</StartTime>
            <EndTime>2025-12-06T00:00:00+08:00</EndTime>
            <ElementValue>
              <WeatherDescription>Partly cloudy. Temperature between 16 and 22 centigrade. Cool ~ Comfortable. NorthEast wind 3m/s. Chance of precipitation -%.</WeatherDescription>
            </ElementValue>
          </Time>
          <Time>
            <StartTime>2025-12-06T00:00:00+08:00</StartTime>
            <EndTime>2025-12-07T00:00:00+08:00</EndTime>
            <ElementValue>
              <WeatherDescription>Mostly clear. Temperature between 17 and 23 centigrade. Cool ~ Comfortable. NorthEast wind 3m/s. Chance of precipitation -%.</WeatherDescription>
            </ElementValue>
          </Time>
        </WeatherElement>
      </Location>
    </Locations>
  </Dataset>
</cwaopendata>
