<?xml version="1.0" encoding="utf-8"?>
<cwaopendata xmlns="urn:cwa:gov:tw:cwacommon:0.1">
  <Identifier>8d31284a-5911-42e4-9908-4cb3b89b6e1c</Identifier>
  <Sender>weather@cwa.gov.tw</Sender>
  <Sent>2025-12-06T18:17:22+08:00</Sent>
  <Status>Actual</Status>
  <Scope>Public</Scope>
  <MsgType>Issue</MsgType>
  <Dataid>null</Dataid>
  <Source>MFC</Source>
  <Dataset>
    <DatasetInfo>
      <DatasetDescription>臺灣各縣市鄉鎮未來1週逐24小時天氣預報</DatasetDescription>
      <DatasetLanguage>zh-TW</DatasetLanguage>
      <DataValueInfo>
        <Temperature description="平均溫度" unit="攝氏度"/>
        <DewPoint description="平均露點溫度" unit="攝氏度"/>
        <MaxTemperature description="最高溫度" unit="攝氏度"/>
        <MinTemperature description="最低溫度" unit="攝氏度"/>
        <MaxApparentTemperature description="最高體感溫度" unit="攝氏度"/>
        <MinApparentTemperature description="最低體感溫度" unit="攝氏度"/>
        <MaxComfortIndex description="最大舒適度指數" unit="NA"/>
        <MaxComfortIndexDescription description="最大舒適度指數描述" unit="NA"/>
        <MinComfortIndex description="最小舒適度指數" unit="NA"/>
        <MinComfortIndexDescription description="最小舒適度指數描述" unit="NA"/>
        <RelativeHumidity description="平均相對濕度" unit="百分比"/>
        <WindDirection description="風向" unit="8方位"/>
        <WindSpeed description="風速" unit="公尺/秒"/>
        <BeaufortScale description="蒲福風級" unit="蒲福風級"/>
        <ProbabilityOfPrecipitation description="24小時降雨機率" unit="百分比"/>
        <UVIndex description="紫外線指數" unit="NA"/>
        <UVExposureLevel description="紫外線曝曬級數" unit="NA"/>
        <Weather description="天氣現象" unit="NA"/>
        <WeatherCode description="天氣現象代碼" unit="NA"/>
        <WeatherDescription description="天氣預報綜合描述" unit="NA"/>
      </DataValueInfo>
      <IssueTime>2025-12-06T17:00:00+08:00</IssueTime>
      <ValidTime>
        <StartTime>2025-12-06T18:00:00+08:00</StartTime>
        <EndTime>2025-12-14T00:00:00+08:00</EndTime>
      </ValidTime>
      <Update>2025-12-06T18:17:22+08:00</Update>
    </DatasetInfo>
    <Locations>
      <LocationsName>新竹市</LocationsName>
      <Location>
        <LocationName>東區</LocationName>
        <Geocode>10018010</Geocode>
        <Latitude>24.806995</Latitude>
        <Longitude>120.965302</Longitude>
        <WeatherElement>
          <ElementName>平均溫度</ElementName>
          <Time>
            <StartTime>2025-12-07T00:00:00+08:00</StartTime>
            <EndTime>2025-12-08T00:00:00+08:00</EndTime>
            <ElementValue>
              <Temperature>20</Temperature>
            </ElementValue>
          </Time>
          <Time>
            <StartTime>2025-12-08T00:00:00+08:00</StartTime>
            <EndTime>2025-12-09T00:00:00+08:00</EndTime>
            <ElementValue>
              <Temperature>20</Temperature>
            </ElementValue>
          </Time>
          <Time>
            <StartTime>2025-12-09T00:00:00+08:00</StartTime>
            <EndTime>2025-12-10T00:00:00+08:00</EndTime>
            <ElementValue>
              <Temperature>20</Temperature>
            </ElementValue>
          </Time>
          <Time>
            <StartTime>2025-12-10T00:00:00+08:00</StartTime>
            <EndTime>2025-12-11T00:00:00+08:00</EndTime>
            <ElementValue>
              <Temperature>20</Temperature>
            </ElementValue>
          </Time>
          <Time>
            <StartTime>2025-12-11T00:00:00+08:00</StartTime>
            <EndTime>2025-12-12T00:00:00+08:00</EndTime>
            <ElementValue>
              <Temperature>20</Temperature>
            </ElementValue>
          </Time>
          <Time>
            <StartTime>2025-12-12T00:00:00+08:00</StartTime>
            <EndTime>2025-12-13T00:00:00+08:00</EndTime>
            <ElementValue>
              <Temperature>20</Temperature>
            </ElementValue>
          </Time>
          <Time>
            <StartTime>2025-12-13T00:00:00+08:00</StartTime>
            <EndTime>2025-12-14T00:00:00+08:00</EndTime>
            <ElementValue>
              <Temperature>20</Temperature>
            </ElementValue>
          </Time>
        </WeatherElement>
        <WeatherElement>
          <ElementName>最高溫度</ElementName>
          <Time>
            <StartTime>2025-12-07T00:00:00+08:00</StartTime>
            <EndTime>2025-12-08T00:00:00+08:00</EndTime>
            <ElementValue>
              <MaxTemperature>25</MaxTemperature>
            </ElementValue>
          </Time>
          <Time>
            <StartTime>2025-12-08T00:00:00+08:00</StartTime>
            <EndTime>2025-12-09T00:00:00+08:00</EndTime>
            <ElementValue>
              <MaxTemperature>22</MaxTemperature>
            </ElementValue>
          </Time>
          <Time>
            <StartTime>2025-12-09T00:00:00+08:00</StartTime>
            <EndTime>2025-12-10T00:00:00+08:00</EndTime>
            <ElementValue>
              <MaxTemperature>24</MaxTemperature>
            </ElementValue>
          </Time>
          <Time>
            <StartTime>2025-12-10T00:00:00+08:00</StartTime>
            <EndTime>2025-12-11T00:00:00+08:00</EndTime>
            <ElementValue>
              <MaxTemperature>24</MaxTemperature>
            </ElementValue>
          </Time>
          <Time>
            <StartTime>2025-12-11T00:00:00+08:00</StartTime>
            <EndTime>2025-12-12T00:00:00+08:00</EndTime>
            <ElementValue>
              <MaxTemperature>24</MaxTemperature>
            </ElementValue>
          </Time>
          <Time>
            <StartTime>2025-12-12T00:00:00+08:00</StartTime>
            <EndTime>2025-12-13T00:00:00+08:00</EndTime>
            <ElementValue>
              <MaxTemperature>24</MaxTemperature>
            </ElementValue>
          </Time>
          <Time>
            <StartTime>2025-12-13T00:00:00+08:00</StartTime>
            <EndTime>2025-12-14T00:00:00+08:00</EndTime>
            <ElementValue>
              <MaxTemperature>23</MaxTemperature>
            </ElementValue>
          </Time>
        </WeatherElement>
        <WeatherElement>
          <ElementName>最低溫度</ElementName>
          <Time>
            <StartTime>2025-12-07T00:00:00+08:00</StartTime>
            <EndTime>2025-12-08T00:00:00+08:00</EndTime>
            <ElementValue>
              <MinTemperature>17</MinTemperature>
            </ElementValue>
          </Time>
          <Time>
            <StartTime>2025-12-08T00:00:00+08:00</StartTime>
            <EndTime>2025-12-09T00:00:00+08:00</EndTime>
            <ElementValue>
              <MinTemperature>17</MinTemperature>
            </ElementValue>
          </Time>
          <Time>
            <StartTime>2025-12-09T00:00:00+08:00</StartTime>
            <EndTime>2025-12-10T00:00:00+08:00</EndTime>
            <ElementValue>
              <MinTemperature>18</MinTemperature>
            </ElementValue>
          </Time>
          <Time>
            <StartTime>2025-12-10T00:00:00+08:00</StartTime>
            <EndTime>2025-12-11T00:00:00+08:00</EndTime>
            <ElementValue>
              <MinTemperature>18</MinTemperature>
            </ElementValue>
          </Time>
          <Time>
            <StartTime>2025-12-11T00:00:00+08:00</StartTime>
            <EndTime>2025-12-12T00:00:00+08:00</EndTime>
            <ElementValue>
              <MinTemperature>18</MinTemperature>
            </ElementValue>
          </Time>
          <Time>
            <StartTime>2025-12-12T00:00:00+08:00</StartTime>
            <EndTime>2025-12-13T00:00:00+08:00</EndTime>
            <ElementValue>
              <MinTemperature>18</MinTemperature>
            </ElementValue>
          </Time>
          <Time>
            <StartTime>2025-12-13T00:00:00+08:00</StartTime>
            <EndTime>2025-12-14T00:00:00+08:00</EndTime>
            <ElementValue>
              <MinTemperature>18</MinTemperature>
            </ElementValue>
          </Time>
        </WeatherElement>
        <WeatherElement>
          <ElementName>平均露點溫度</ElementName>
          <Time>
            <StartTime>2025-12-07T00:00:00+08:00</StartTime>
            <EndTime>2025-12-08T00:00:00+08:00</EndTime>
            <ElementValue>
              <DewPoint>16</DewPoint>
            </ElementValue>
          </Time>
          <Time>
            <StartTime>2025-12-08T00:00:00+08:00</StartTime>
            <EndTime>2025-12-09T00:00:00+08:00</EndTime>
            <ElementValue>
              <DewPoint>16</DewPoint>
            </ElementValue>
          </Time>
          <Time>
            <StartTime>2025-12-09T00:00:00+08:00</StartTime>
            <EndTime>2025-12-10T00:00:00+08:00</EndTime>
            <ElementValue>
              <DewPoint>17</DewPoint>
            </ElementValue>
          </Time>
          <Time>
            <StartTime>2025-12-10T00:00:00+08:00</StartTime>
            <EndTime>2025-12-11T00:00:00+08:00</EndTime>
            <ElementValue>
              <DewPoint>17</DewPoint>
            </ElementValue>
          </Time>
          <Time>
            <StartTime>2025-12-11T00:00:00+08:00</StartTime>
            <EndTime>2025-12-12T00:00:00+08:00</EndTime>
            <ElementValue>
              <DewPoint>17</DewPoint>
            </ElementValue>
          </Time>
          <Time>
            <StartTime>2025-12-12T00:00:00+08:00</StartTime>
            <EndTime>2025-12-13T00:00:00+08:00</EndTime>
            <ElementValue>
              <DewPoint>17</DewPoint>
            </ElementValue>
          </Time>
          <Time>
            <StartTime>2025-12-13T00:00:00+08:00</StartTime>
            <EndTime>2025-12-14T00:00:00+08:00</EndTime>
            <ElementValue>
              <DewPoint>17</DewPoint>
            </ElementValue>
          </Time>
        </WeatherElement>
        <WeatherElement>
          <ElementName>平均相對濕度</ElementName>
          <Time>
            <StartTime>2025-12-07T00:00:00+08:00</StartTime>
            <EndTime>2025-12-08T00:00:00+08:00</EndTime>
            <ElementValue>
              <RelativeHumidity>79</RelativeHumidity>
            </ElementValue>
          </Time>
          <Time>
            <StartTime>2025-12-08T00:00:00+08:00</StartTime>
            <EndTime>2025-12-09T00:00:00+08:00</EndTime>
            <ElementValue>
              <RelativeHumidity>82</RelativeHumidity>
            </ElementValue>
          </Time>
          <Time>
            <StartTime>2025-12-09T00:00:00+08:00</StartTime>
            <EndTime>2025-12-10T00:00:00+08:00</EndTime>
            <ElementValue>
              <RelativeHumidity>80</RelativeHumidity>
            </ElementValue>
          </Time>
          <Time>
            <StartTime>2025-12-10T00:00:00+08:00</StartTime>
            <EndTime>2025-12-11T00:00:00+08:00</EndTime>
            <ElementValue>
              <RelativeHumidity>85</RelativeHumidity>
            </ElementValue>
          </Time>
          <Time>
            <StartTime>2025-12-11T00:00:00+08:00</StartTime>
            <EndTime>2025-12-12T00:00:00+08:00</EndTime>
            <ElementValue>
              <RelativeHumidity>84</RelativeHumidity>
            </ElementValue>
          </Time>
          <Time>
            <StartTime>2025-12-12T00:00:00+08:00</StartTime>
            <EndTime>2025-12-13T00:00:00+08:00</EndTime>
            <ElementValue>
              <RelativeHumidity>82</RelativeHumidity>
            </ElementValue>
          </Time>
          <Time>
            <StartTime>2025-12-13T00:00:00+08:00</StartTime>
            <EndTime>2025-12-14T00:00:00+08:00</EndTime>
            <ElementValue>
              <RelativeHumidity>83</RelativeHumidity>
            </ElementValue>
          </Time>
        </WeatherElement>
        <WeatherElement>
          <ElementName>最高體感溫度</ElementName>
          <Time>
            <StartTime>2025-12-07T00:00:00+08:00</StartTime>
            <EndTime>2025-12-08T00:00:00+08:00</EndTime>
            <ElementValue>
              <MaxApparentTemperature>26</MaxApparentTemperature>
            </ElementValue>
          </Time>
          <Time>
            <StartTime>2025-12-08T00:00:00+08:00</StartTime>
            <EndTime>2025-12-09T00:00:00+08:00</EndTime>
            <ElementValue>
              <MaxApparentTemperature>19</MaxApparentTemperature>
            </ElementValue>
          </Time>
          <Time>
            <StartTime>2025-12-09T00:00:00+08:00</StartTime>
            <EndTime>2025-12-10T00:00:00+08:00</EndTime>
            <ElementValue>
              <MaxApparentTemperature>22</MaxApparentTemperature>
            </ElementValue>
          </Time>
          <Time>
            <StartTime>2025-12-10T00:00:00+08:00</StartTime>
            <EndTime>2025-12-11T00:00:00+08:00</EndTime>
            <ElementValue>
              <MaxApparentTemperature>27</MaxApparentTemperature>
            </ElementValue>
          </Time>
          <Time>
            <StartTime>2025-12-11T00:00:00+08:00</StartTime>
            <EndTime>2025-12-12T00:00:00+08:00</EndTime>
            <ElementValue>
              <MaxApparentTemperature>27</MaxApparentTemperature>
            </ElementValue>
          </Time>
          <Time>
            <StartTime>2025-12-12T00:00:00+08:00</StartTime>
            <EndTime>2025-12-13T00:00:00+08:00</EndTime>
            <ElementValue>
              <MaxApparentTemperature>27</MaxApparentTemperature>
            </ElementValue>
          </Time>
          <Time>
            <StartTime>2025-12-13T00:00:00+08:00</StartTime>
            <EndTime>2025-12-14T00:00:00+08:00</EndTime>
            <ElementValue>
              <MaxApparentTemperature>24</MaxApparentTemperature>
            </ElementValue>
          </Time>
        </WeatherElement>
        <WeatherElement>
          <ElementName>最低體感溫度</ElementName>
          <Time>
            <StartTime>2025-12-07T00:00:00+08:00</StartTime>
            <EndTime>2025-12-08T00:00:00+08:00</EndTime>
            <ElementValue>
              <MinApparentTemperature>15</MinApparentTemperature>
            </ElementValue>
          </Time>
          <Time>
            <StartTime>2025-12-08T00:00:00+08:00</StartTime>
            <EndTime>2025-12-09T00:00:00+08:00</EndTime>
            <ElementValue>
              <MinApparentTemperature>15</MinApparentTemperature>
            </ElementValue>
          </Time>
          <Time>
            <StartTime>2025-12-09T00:00:00+08:00</StartTime>
            <EndTime>2025-12-10T00:00:00+08:00</EndTime>
            <ElementValue>
              <MinApparentTemperature>15</MinApparentTemperature>
            </ElementValue>
          </Time>
          <Time>
            <StartTime>2025-12-10T00:00:00+08:00</StartTime>
            <EndTime>2025-12-11T00:00:00+08:00</EndTime>
            <ElementValue>
              <MinApparentTemperature>18</MinApparentTemperature>
            </ElementValue>
          </Time>
          <Time>
            <StartTime>2025-12-11T00:00:00+08:00</StartTime>
            <EndTime>2025-12-12T00:00:00+08:00</EndTime>
            <ElementValue>
              <MinApparentTemperature>20</MinApparentTemperature>
            </ElementValue>
          </Time>
          <Time>
            <StartTime>2025-12-12T00:00:00+08:00</StartTime>
            <EndTime>2025-12-13T00:00:00+08:00</EndTime>
            <ElementValue>
              <MinApparentTemperature>20</MinApparentTemperature>
            </ElementValue>
          </Time>
          <Time>
            <StartTime>2025-12-13T00:00:00+08:00</StartTime>
            <EndTime>2025-12-14T00:00:00+08:00</EndTime>
            <ElementValue>
              <MinApparentTemperature>19</MinApparentTemperature>
            </ElementValue>
          </Time>
        </WeatherElement>
        <WeatherElement>
          <ElementName>最大舒適度指數</ElementName>
          <Time>
            <StartTime>2025-12-07T00:00:00+08:00</StartTime>
            <EndTime>2025-12-08T00:00:00+08:00</EndTime>
            <ElementValue>
              <MaxComfortIndex>23</MaxComfortIndex>
              <MaxComfortIndexDescription>舒適</MaxComfortIndexDescription>
            </ElementValue>
          </Time>
          <Time>
            <StartTime>2025-12-08T00:00:00+08:00</StartTime>
            <EndTime>2025-12-09T00:00:00+08:00</EndTime>
            <ElementValue>
              <MaxComfortIndex>21</MaxComfortIndex>
              <MaxComfortIndexDescription>舒適</MaxComfortIndexDescription>
            </ElementValue>
          </Time>
          <Time>
            <StartTime>2025-12-09T00:00:00+08:00</StartTime>
            <EndTime>2025-12-10T00:00:00+08:00</EndTime>
            <ElementValue>
              <MaxComfortIndex>22</MaxComfortIndex>
              <MaxComfortIndexDescription>舒適</MaxComfortIndexDescription>
            </ElementValue>
          </Time>
          <Time>
            <StartTime>2025-12-10T00:00:00+08:00</StartTime>
            <EndTime>2025-12-11T00:00:00+08:00</EndTime>
            <ElementValue>
              <MaxComfortIndex>22</MaxComfortIndex>
              <MaxComfortIndexDescription>舒適</MaxComfortIndexDescription>
            </ElementValue>
          </Time>
          <Time>
            <StartTime>2025-12-11T00:00:00+08:00</StartTime>
            <EndTime>2025-12-12T00:00:00+08:00</EndTime>
            <ElementValue>
              <MaxComfortIndex>23</MaxComfortIndex>
              <MaxComfortIndexDescription>舒適</MaxComfortIndexDescription>
            </ElementValue>
          </Time>
          <Time>
            <StartTime>2025-12-12T00:00:00+08:00</StartTime>
            <EndTime>2025-12-13T00:00:00+08:00</EndTime>
            <ElementValue>
              <MaxComfortIndex>22</MaxComfortIndex>
              <MaxComfortIndexDescription>舒適</MaxComfortIndexDescription>
            </ElementValue>
          </Time>
          <Time>
            <StartTime>2025-12-13T00:00:00+08:00</StartTime>
            <EndTime>2025-12-14T00:00:00+08:00</EndTime>
            <ElementValue>
              <MaxComfortIndex>22</MaxComfortIndex>
              <MaxComfortIndexDescription>舒適</MaxComfortIndexDescription>
            </ElementValue>
          </Time>
        </WeatherElement>
        <WeatherElement>
          <ElementName>最小舒適度指數</ElementName>
          <Time>
            <StartTime>2025-12-07T00:00:00+08:00</StartTime>
            <EndTime>2025-12-08T00:00:00+08:00</EndTime>
            <ElementValue>
              <MinComfortIndex>17</MinComfortIndex>
              <MinComfortIndexDescription>稍有寒意</MinComfortIndexDescription>
            </ElementValue>
          </Time>
          <Time>
            <StartTime>2025-12-08T00:00:00+08:00</StartTime>
            <EndTime>2025-12-09T00:00:00+08:00</EndTime>
            <ElementValue>
              <MinComfortIndex>17</MinComfortIndex>
              <MinComfortIndexDescription>稍有寒意</MinComfortIndexDescription>
            </ElementValue>
          </Time>
          <Time>
            <StartTime>2025-12-09T00:00:00+08:00</StartTime>
            <EndTime>2025-12-10T00:00:00+08:00</EndTime>
            <ElementValue>
              <MinComfortIndex>18</MinComfortIndex>
              <MinComfortIndexDescription>稍有寒意</MinComfortIndexDescription>
            </ElementValue>
          </Time>
          <Time>
            <StartTime>2025-12-10T00:00:00+08:00</StartTime>
            <EndTime>2025-12-11T00:00:00+08:00</EndTime>
            <ElementValue>
              <MinComfortIndex>17</MinComfortIndex>
              <MinComfortIndexDescription>稍有寒意</MinComfortIndexDescription>
            </ElementValue>
          </Time>
          <Time>
            <StartTime>2025-12-11T00:00:00+08:00</StartTime>
            <EndTime>2025-12-12T00:00:00+08:00</EndTime>
            <ElementValue>
              <MinComfortIndex>18</MinComfortIndex>
              <MinComfortIndexDescription>稍有寒意</MinComfortIndexDescription>
            </ElementValue>
          </Time>
          <Time>
            <StartTime>2025-12-12T00:00:00+08:00</StartTime>
            <EndTime>2025-12-13T00:00:00+08:00</EndTime>
            <ElementValue>
              <MinComfortIndex>17</MinComfortIndex>
              <MinComfortIndexDescription>稍有寒意</MinComfortIndexDescription>
            </ElementValue>
          </Time>
          <Time>
            <StartTime>2025-12-13T00:00:00+08:00</StartTime>
            <EndTime>2025-12-14T00:00:00+08:00</EndTime>
            <ElementValue>
              <MinComfortIndex>17</MinComfortIndex>
              <MinComfortIndexDescription>稍有寒意</MinComfortIndexDescription>
            </ElementValue>
          </Time>
        </WeatherElement>
        <WeatherElement>
          <ElementName>風速</ElementName>
          <Time>
            <StartTime>2025-12-07T00:00:00+08:00</StartTime>
            <EndTime>2025-12-08T00:00:00+08:00</EndTime>
            <ElementValue>
              <WindSpeed>7</WindSpeed>
              <BeaufortScale>4</BeaufortScale>
            </ElementValue>
          </Time>
          <Time>
            <StartTime>2025-12-08T00:00:00+08:00</StartTime>
            <EndTime>2025-12-09T00:00:00+08:00</EndTime>
            <ElementValue>
              <WindSpeed>10</WindSpeed>
              <BeaufortScale>5</BeaufortScale>
            </ElementValue>
          </Time>
          <Time>
            <StartTime>2025-12-09T00:00:00+08:00</StartTime>
            <EndTime>2025-12-10T00:00:00+08:00</EndTime>
            <ElementValue>
              <WindSpeed>9</WindSpeed>
              <BeaufortScale>5</BeaufortScale>
            </ElementValue>
          </Time>
          <Time>
            <StartTime>2025-12-10T00:00:00+08:00</StartTime>
            <EndTime>2025-12-11T00:00:00+08:00</EndTime>
            <ElementValue>
              <WindSpeed>5</WindSpeed>
              <BeaufortScale>3</BeaufortScale>
            </ElementValue>
          </Time>
          <Time>
            <StartTime>2025-12-11T00:00:00+08:00</StartTime>
            <EndTime>2025-12-12T00:00:00+08:00</EndTime>
            <ElementValue>
              <WindSpeed>2</WindSpeed>
              <BeaufortScale>2</BeaufortScale>
            </ElementValue>
          </Time>
          <Time>
            <StartTime>2025-12-12T00:00:00+08:00</StartTime>
            <EndTime>2025-12-13T00:00:00+08:00</EndTime>
            <ElementValue>
              <WindSpeed>0</WindSpeed>
              <BeaufortScale>&lt;= 1</BeaufortScale>
            </ElementValue>
          </Time>
          <Time>
            <StartTime>2025-12-13T00:00:00+08:00</StartTime>
            <EndTime>2025-12-14T00:00:00+08:00</EndTime>
            <ElementValue>
              <WindSpeed>3</WindSpeed>
              <BeaufortScale>2</BeaufortScale>
            </ElementValue>
          </Time>
        </WeatherElement>
        <WeatherElement>
          <ElementName>風向</ElementName>
          <Time>
            <StartTime>2025-12-07T00:00:00+08:00</StartTime>
            <EndTime>2025-12-08T00:00:00+08:00</EndTime>
            <ElementValue>
              <WindDirection>東北風</WindDirection>
            </ElementValue>
          </Time>
          <Time>
            <StartTime>2025-12-08T00:00:00+08:00</StartTime>
            <EndTime>2025-12-09T00:00:00+08:00</EndTime>
            <ElementValue>
              <WindDirection>東北風</WindDirection>
            </ElementValue>
          </Time>
          <Time>
            <StartTime>2025-12-09T00:00:00+08:00</StartTime>
            <EndTime>2025-12-10T00:00:00+08:00</EndTime>
            <ElementValue>
              <WindDirection>東北風</WindDirection>
            </ElementValue>
          </Time>
          <Time>
            <StartTime>2025-12-10T00:00:00+08:00</StartTime>
            <EndTime>2025-12-11T00:00:00+08:00</EndTime>
            <ElementValue>
              <WindDirection>東北風</WindDirection>
            </ElementValue>
          </Time>
          <Time>
            <StartTime>2025-12-11T00:00:00+08:00</StartTime>
            <EndTime>2025-12-12T00:00:00+08:00</EndTime>
            <ElementValue>
              <WindDirection>東北風</WindDirection>
            </ElementValue>
          </Time>
          <Time>
            <StartTime>2025-12-12T00:00:00+08:00</StartTime>
            <EndTime>2025-12-13T00:00:00+08:00</EndTime>
            <ElementValue>
              <WindDirection>偏東風</WindDirection>
            </ElementValue>
          </Time>
          <Time>
            <StartTime>2025-12-13T00:00:00+08:00</StartTime>
            <EndTime>2025-12-14T00:00:00+08:00</EndTime>
            <ElementValue>
              <WindDirection>東北風</WindDirection>
            </ElementValue>
          </Time>
        </WeatherElement>
        <WeatherElement>
          <ElementName>24小時降雨機率</ElementName>
          <Time>
            <StartTime>2025-12-07T00:00:00+08:00</StartTime>
            <EndTime>2025-12-08T00:00:00+08:00</EndTime>
            <ElementValue>
              <ProbabilityOfPrecipitation>0</ProbabilityOfPrecipitation>
            </ElementValue>
          </Time>
          <Time>
            <StartTime>2025-12-08T00:00:00+08:00</StartTime>
            <EndTime>2025-12-09T00:00:00+08:00</EndTime>
            <ElementValue>
              <ProbabilityOfPrecipitation>10</ProbabilityOfPrecipitation>
            </ElementValue>
          </Time>
          <Time>
            <StartTime>2025-12-09T00:00:00+08:00</StartTime>
            <EndTime>2025-12-10T00:00:00+08:00</EndTime>
            <ElementValue>
              <ProbabilityOfPrecipitation>0</ProbabilityOfPrecipitation>
            </ElementValue>
          </Time>
          <Time>
            <StartTime>2025-12-10T00:00:00+08:00</StartTime>
            <EndTime>2025-12-11T00:00:00+08:00</EndTime>
            <ElementValue>
              <ProbabilityOfPrecipitation>-</ProbabilityOfPrecipitation>
            </ElementValue>
          </Time>
          <Time>
            <StartTime>2025-12-11T00:00:00+08:00</StartTime>
            <EndTime>2025-12-12T00:00:00+08:00</EndTime>
            <ElementValue>
              <ProbabilityOfPrecipitation>-</ProbabilityOfPrecipitation>
            </ElementValue>
          </Time>
          <Time>
            <StartTime>2025-12-12T00:00:00+08:00</StartTime>
            <EndTime>2025-12-13T00:00:00+08:00</EndTime>
            <ElementValue>
              <ProbabilityOfPrecipitation>-</ProbabilityOfPrecipitation>
            </ElementValue>
          </Time>
          <Time>
            <StartTime>2025-12-13T00:00:00+08:00</StartTime>
            <EndTime>2025-12-14T00:00:00+08:00</EndTime>
            <ElementValue>
              <ProbabilityOfPrecipitation>-</ProbabilityOfPrecipitation>
            </ElementValue>
          </Time>
        </WeatherElement>
        <WeatherElement>
          <ElementName>天氣現象</ElementName>
          <Time>
            <StartTime>2025-12-07T00:00:00+08:00</StartTime>
            <EndTime>2025-12-08T00:00:00+08:00</EndTime>
            <ElementValue>
              <Weather>晴時多雲</Weather>
              <WeatherCode>02</WeatherCode>
            </ElementValue>
          </Time>
          <Time>
            <StartTime>2025-12-08T00:00:00+08:00</StartTime>
            <EndTime>2025-12-09T00:00:00+08:00</EndTime>
            <ElementValue>
              <Weather>晴時多雲</Weather>
              <WeatherCode>02</WeatherCode>
            </ElementValue>
          </Time>
          <Time>
            <StartTime>2025-12-09T00:00:00+08:00</StartTime>
            <EndTime>2025-12-10T00:00:00+08:00</EndTime>
            <ElementValue>
              <Weather>晴時多雲</Weather>
              <WeatherCode>02</WeatherCode>
            </ElementValue>
          </Time>
          <Time>
            <StartTime>2025-12-10T00:00:00+08:00</StartTime>
            <EndTime>2025-12-11T00:00:00+08:00</EndTime>
            <ElementValue>
              <Weather>晴時多雲</Weather>
              <WeatherCode>02</WeatherCode>
            </ElementValue>
          </Time>
          <Time>
            <StartTime>2025-12-11T00:00:00+08:00</StartTime>
            <EndTime>2025-12-12T00:00:00+08:00</EndTime>
            <ElementValue>
              <Weather>晴時多雲</Weather>
              <WeatherCode>02</WeatherCode>
            </ElementValue>
          </Time>
          <Time>
            <StartTime>2025-12-12T00:00:00+08:00</StartTime>
            <EndTime>2025-12-13T00:00:00+08:00</EndTime>
            <ElementValue>
              <Weather>晴時多雲</Weather>
              <WeatherCode>02</WeatherCode>
            </ElementValue>
          </Time>
          <Time>
            <StartTime>2025-12-13T00:00:00+08:00</StartTime>
            <EndTime>2025-12-14T00:00:00+08:00</EndTime>
            <ElementValue>
              <Weather>多雲時陰短暫雨</Weather>
              <WeatherCode>09</WeatherCode>
            </ElementValue>
          </Time>
        </WeatherElement>
        <WeatherElement>
          <ElementName>紫外線指數</ElementName>
          <Time>
            <StartTime>2025-12-07T00:00:00+08:00</StartTime>
            <EndTime>2025-12-08T00:00:00+08:00</EndTime>
            <ElementValue>
              <UVIndex>5</UVIndex>
              <UVExposureLevel>中量級</UVExposureLevel>
            </ElementValue>
          </Time>
          <Time>
            <StartTime>2025-12-08T00:00:00+08:00</StartTime>
            <EndTime>2025-12-09T00:00:00+08:00</EndTime>
            <ElementValue>
              <UVIndex>4</UVIndex>
              <UVExposureLevel>中量級</UVExposureLevel>
            </ElementValue>
          </Time>
          <Time>
            <StartTime>2025-12-09T00:00:00+08:00</StartTime>
            <EndTime>2025-12-10T00:00:00+08:00</EndTime>
            <ElementValue>
              <UVIndex>4</UVIndex>
              <UVExposureLevel>中量級</UVExposureLevel>
            </ElementValue>
          </Time>
          <Time>
            <StartTime>2025-12-10T00:00:00+08:00</StartTime>
            <EndTime>2025-12-11T00:00:00+08:00</EndTime>
            <ElementValue>
              <UVIndex>5</UVIndex>
              <UVExposureLevel>中量級</UVExposureLevel>
            </ElementValue>
          </Time>
          <Time>
            <StartTime>2025-12-11T00:00:00+08:00</StartTime>
            <EndTime>2025-12-12T00:00:00+08:00</EndTime>
            <ElementValue>
              <UVIndex>4</UVIndex>
              <UVExposureLevel>中量級</UVExposureLevel>
            </ElementValue>
          </Time>
          <Time>
            <StartTime>2025-12-12T00:00:00+08:00</StartTime>
            <EndTime>2025-12-13T00:00:00+08:00</EndTime>
            <ElementValue>
              <UVIndex>4</UVIndex>
              <UVExposureLevel>中量級</UVExposureLevel>
            </ElementValue>
          </Time>
          <Time>
            <StartTime>2025-12-13T00:00:00+08:00</StartTime>
            <EndTime>2025-12-14T00:00:00+08:00</EndTime>
            <ElementValue>
              <UVIndex>4</UVIndex>
              <UVExposureLevel>中量級</UVExposureLevel>
            </ElementValue>
          </Time>
        </WeatherElement>
        <WeatherElement>
          <ElementName>天氣預報綜合描述</ElementName>
          <Time>
            <StartTime>2025-12-07T00:00:00+08:00</StartTime>
            <EndTime>2025-12-08T00:00:00+08:00</EndTime>
            <ElementValue>
              <WeatherDescription>晴時多雲。降雨機率0%。溫度攝氏17至25度。稍有寒意至舒適。東北風 風速4級(每秒7公尺)。相對濕度79%。</WeatherDescription>
            </ElementValue>
          </Time>
          <Time>
            <StartTime>2025-12-08T00:00:00+08:00</StartTime>
            <EndTime>2025-12-09T00:00:00+08:00</EndTime>
            <ElementValue>
              <WeatherDescription>晴時多雲。降雨機率10%。溫度攝氏17至22度。稍有寒意至舒適。東北風 風速5級(每秒10公尺)。相對濕度82%。</WeatherDescription>
            </ElementValue>
          </Time>
          <Time>
            <StartTime>2025-12-09T00:00:00+08:00</StartTime>
            <EndTime>2025-12-10T00:00:00+08:00</EndTime>
            <ElementValue>
              <WeatherDescription>晴時多雲。降雨機率0%。溫度攝氏18至24度。稍有寒意至舒適。東北風 風速5級(每秒9公尺)。相對濕度80%。</WeatherDescription>
            </ElementValue>
          </Time>
          <Time>
            <StartTime>2025-12-10T00:00:00+08:00</StartTime>
            <EndTime>2025-12-11T00:00:00+08:00</EndTime>
            <ElementValue>
              <WeatherDescription>晴時多雲。溫度攝氏18至24度。稍有寒意至舒適。東北風 風速3級(每秒5公尺)。相對濕度85%。</WeatherDescription>
            </ElementValue>
          </Time>
          <Time>
            <StartTime>2025-12-11T00:00:00+08:00</StartTime>
            <EndTime>2025-12-12T00:00:00+08:00</EndTime>
            <ElementValue>
              <WeatherDescription>晴時多雲。溫度攝氏18至24度。稍有寒意至舒適。東北風 風速2級(每秒2公尺)。相對濕度84%。</WeatherDescription>
            </ElementValue>
          </Time>
          <Time>
            <StartTime>2025-12-12T00:00:00+08:00</StartTime>
            <EndTime>2025-12-13T00:00:00+08:00</EndTime>
            <ElementValue>
              <WeatherDescription>晴時多雲。溫度攝氏18至24度。稍有寒意至舒適。偏東風 風速&lt;= 1級(每秒0公尺)。相對濕度82%。</WeatherDescription>
            </ElementValue>
          </Time>
          <Time>
            <StartTime>2025-12-13T00:00:00+08:00</StartTime>
            <EndTime>2025-12-14T00:00:00+08:00</EndTime>
            <ElementValue>
              <WeatherDescription>多雲時陰短暫雨。溫度攝氏18至23度。稍有寒意至舒適。東北風 風速2級(每秒3公尺)。相對濕度83%。</WeatherDescription>
            </ElementValue>
          </Time>
        </WeatherElement>
      </Location>
      <Location>
        <LocationName>北區</LocationName>
        <Geocode>10018020</Geocode>
        <Latitude>24.818109</Latitude>
        <Longitude>120.96211</Longitude>
        <WeatherElement>
          <ElementName>平均溫度</ElementName>
          <Time>
            <StartTime>2025-12-07T00:00:00+08:00</StartTime>
            <EndTime>2025-12-08T00:00:00+08:00</EndTime>
            <ElementValue>
              <Temperature>20</Temperature>
            </ElementValue>
          </Time>
          <Time>
            <StartTime>2025-12-08T00:00:00+08:00</StartTime>
            <EndTime>2025-12-09T00:00:00+08:00</EndTime>
            <ElementValue>
              <Temperature>20</Temperature>
            </ElementValue>
          </Time>
          <Time>
            <StartTime>2025-12-09T00:00:00+08:00</StartTime>
            <EndTime>2025-12-10T00:00:00+08:00</EndTime>
            <ElementValue>
              <Temperature>20</Temperature>
            </ElementValue>
          </Time>
          <Time>
            <StartTime>2025-12-10T00:00:00+08:00</StartTime>
            <EndTime>2025-12-11T00:00:00+08:00</EndTime>
            <ElementValue>
              <Temperature>20</Temperature>
            </ElementValue>
          </Time>
          <Time>
            <StartTime>2025-12-11T00:00:00+08:00</StartTime>
            <EndTime>2025-12-12T00:00:00+08:00</EndTime>
            <ElementValue>
              <Temperature>20</Temperature>
            </ElementValue>
          </Time>
          <Time>
            <StartTime>2025-12-12T00:00:00+08:00</StartTime>
            <EndTime>2025-12-13T00:00:00+08:00</EndTime>
            <ElementValue>
              <Temperature>20</Temperature>
            </ElementValue>
          </Time>
          <Time>
            <StartTime>2025-12-13T00:00:00+08:00</StartTime>
            <EndTime>2025-12-14T00:00:00+08:00</EndTime>
            <ElementValue>
              <Temperature>20</Temperature>
            </ElementValue>
          </Time>
        </WeatherElement>
        <WeatherElement>
          <ElementName>最高溫度</ElementName>
          <Time>
            <StartTime>2025-12-07T00:00:00+08:00</StartTime>
            <EndTime>2025-12-08T00:00:00+08:00</EndTime>
            <ElementValue>
              <MaxTemperature>25</MaxTemperature>
            </ElementValue>
          </Time>
          <Time>
            <StartTime>2025-12-08T00:00:00+08:00</StartTime>
            <EndTime>2025-12-09T00:00:00+08:00</EndTime>
            <ElementValue>
              <MaxTemperature>22</MaxTemperature>
            </ElementValue>
          </Time>
          <Time>
            <StartTime>2025-12-09T00:00:00+08:00</StartTime>
            <EndTime>2025-12-10T00:00:00+08:00</EndTime>
            <ElementValue>
              <MaxTemperature>24</MaxTemperature>
            </ElementValue>
          </Time>
          <Time>
            <StartTime>2025-12-10T00:00:00+08:00</StartTime>
            <EndTime>2025-12-11T00:00:00+08:00</EndTime>
            <ElementValue>
              <MaxTemperature>24</MaxTemperature>
            </ElementValue>
          </Time>
          <Time>
            <StartTime>2025-12-11T00:00:00+08:00</StartTime>
            <EndTime>2025-12-12T00:00:00+08:00</EndTime>
            <ElementValue>
              <MaxTemperature>24</MaxTemperature>
            </ElementValue>
          </Time>
          <Time>
            <StartTime>2025-12-12T00:00:00+08:00</StartTime>
            <EndTime>2025-12-13T00:00:00+08:00</EndTime>
            <ElementValue>
              <MaxTemperature>23</MaxTemperature>
            </ElementValue>
          </Time>
          <Time>
            <StartTime>2025-12-13T00:00:00+08:00</StartTime>
            <EndTime>2025-12-14T00:00:00+08:00</EndTime>
            <ElementValue>
              <MaxTemperature>22</MaxTemperature>
            </ElementValue>
          </Time>
        </WeatherElement>
        <WeatherElement>
          <ElementName>最低溫度</ElementName>
          <Time>
            <StartTime>2025-12-07T00:00:00+08:00</StartTime>
            <EndTime>2025-12-08T00:00:00+08:00</EndTime>
            <ElementValue>
              <MinTemperature>17</MinTemperature>
            </ElementValue>
          </Time>
          <Time>
            <StartTime>2025-12-08T00:00:00+08:00</StartTime>
            <EndTime>2025-12-09T00:00:00+08:00</EndTime>
            <ElementValue>
              <MinTemperature>17</MinTemperature>
            </ElementValue>
          </Time>
          <Time>
            <StartTime>2025-12-09T00:00:00+08:00</StartTime>
            <EndTime>2025-12-10T00:00:00+08:00</EndTime>
            <ElementValue>
              <MinTemperature>18</MinTemperature>
            </ElementValue>
          </Time>
          <Time>
            <StartTime>2025-12-10T00:00:00+08:00</StartTime>
            <EndTime>2025-12-11T00:00:00+08:00</EndTime>
            <ElementValue>
              <MinTemperature>18</MinTemperature>
            </ElementValue>
          </Time>
          <Time>
            <StartTime>2025-12-11T00:00:00+08:00</StartTime>
            <EndTime>2025-12-12T00:00:00+08:00</EndTime>
            <ElementValue>
              <MinTemperature>18</MinTemperature>
            </ElementValue>
          </Time>
          <Time>
            <StartTime>2025-12-12T00:00:00+08:00</StartTime>
            <EndTime>2025-12-13T00:00:00+08:00</EndTime>
            <ElementValue>
              <MinTemperature>18</MinTemperature>
            </ElementValue>
          </Time>
          <Time>
            <StartTime>2025-12-13T00:00:00+08:00</StartTime>
            <EndTime>2025-12-14T00:00:00+08:00</EndTime>
            <ElementValue>
              <MinTemperature>18</MinTemperature>
            </ElementValue>
          </Time>
        </WeatherElement>
        <WeatherElement>
          <ElementName>平均露點溫度</ElementName>
          <Time>
            <StartTime>2025-12-07T00:00:00+08:00</StartTime>
            <EndTime>2025-12-08T00:00:00+08:00</EndTime>
            <ElementValue>
              <DewPoint>17</DewPoint>
            </ElementValue>
          </Time>
          <Time>
            <StartTime>2025-12-08T00:00:00+08:00</StartTime>
            <EndTime>2025-12-09T00:00:00+08:00</EndTime>
            <ElementValue>
              <DewPoint>17</DewPoint>
            </ElementValue>
          </Time>
          <Time>
            <StartTime>2025-12-09T00:00:00+08:00</StartTime>
            <EndTime>2025-12-10T00:00:00+08:00</EndTime>
            <ElementValue>
              <DewPoint>17</DewPoint>
            </ElementValue>
          </Time>
          <Time>
            <StartTime>2025-12-10T00:00:00+08:00</StartTime>
            <EndTime>2025-12-11T00:00:00+08:00</EndTime>
            <ElementValue>
              <DewPoint>18</DewPoint>
            </ElementValue>
          </Time>
          <Time>
            <StartTime>2025-12-11T00:00:00+08:00</StartTime>
            <EndTime>2025-12-12T00:00:00+08:00</EndTime>
            <ElementValue>
              <DewPoint>18</DewPoint>
            </ElementValue>
          </Time>
          <Time>
            <StartTime>2025-12-12T00:00:00+08:00</StartTime>
            <EndTime>2025-12-13T00:00:00+08:00</EndTime>
            <ElementValue>
              <DewPoint>17</DewPoint>
            </ElementValue>
          </Time>
          <Time>
            <StartTime>2025-12-13T00:00:00+08:00</StartTime>
            <EndTime>2025-12-14T00:00:00+08:00</EndTime>
            <ElementValue>
              <DewPoint>17</DewPoint>
            </ElementValue>
          </Time>
        </WeatherElement>
        <WeatherElement>
          <ElementName>平均相對濕度</ElementName>
          <Time>
            <StartTime>2025-12-07T00:00:00+08:00</StartTime>
            <EndTime>2025-12-08T00:00:00+08:00</EndTime>
            <ElementValue>
              <RelativeHumidity>80</RelativeHumidity>
            </ElementValue>
          </Time>
          <Time>
            <StartTime>2025-12-08T00:00:00+08:00</StartTime>
            <EndTime>2025-12-09T00:00:00+08:00</EndTime>
            <ElementValue>
              <RelativeHumidity>84</RelativeHumidity>
            </ElementValue>
          </Time>
          <Time>
            <StartTime>2025-12-09T00:00:00+08:00</StartTime>
            <EndTime>2025-12-10T00:00:00+08:00</EndTime>
            <ElementValue>
              <RelativeHumidity>81</RelativeHumidity>
            </ElementValue>
          </Time>
          <Time>
            <StartTime>2025-12-10T00:00:00+08:00</StartTime>
            <EndTime>2025-12-11T00:00:00+08:00</EndTime>
            <ElementValue>
              <RelativeHumidity>86</RelativeHumidity>
            </ElementValue>
          </Time>
          <Time>
            <StartTime>2025-12-11T00:00:00+08:00</StartTime>
            <EndTime>2025-12-12T00:00:00+08:00</EndTime>
            <ElementValue>
              <RelativeHumidity>85</RelativeHumidity>
            </ElementValue>
          </Time>
          <Time>
            <StartTime>2025-12-12T00:00:00+08:00</StartTime>
            <EndTime>2025-12-13T00:00:00+08:00</EndTime>
            <ElementValue>
              <RelativeHumidity>83</RelativeHumidity>
            </ElementValue>
          </Time>
          <Time>
            <StartTime>2025-12-13T00:00:00+08:00</StartTime>
            <EndTime>2025-12-14T00:00:00+08:00</EndTime>
            <ElementValue>
              <RelativeHumidity>84</RelativeHumidity>
            </ElementValue>
          </Time>
        </WeatherElement>
        <WeatherElement>
          <ElementName>最高體感溫度</ElementName>
          <Time>
            <StartTime>2025-12-07T00:00:00+08:00</StartTime>
            <EndTime>2025-12-08T00:00:00+08:00</EndTime>
            <ElementValue>
              <MaxApparentTemperature>25</MaxApparentTemperature>
            </ElementValue>
          </Time>
          <Time>
            <StartTime>2025-12-08T00:00:00+08:00</StartTime>
            <EndTime>2025-12-09T00:00:00+08:00</EndTime>
            <ElementValue>
              <MaxApparentTemperature>19</MaxApparentTemperature>
            </ElementValue>
          </Time>
          <Time>
            <StartTime>2025-12-09T00:00:00+08:00</StartTime>
            <EndTime>2025-12-10T00:00:00+08:00</EndTime>
            <ElementValue>
              <MaxApparentTemperature>21</MaxApparentTemperature>
            </ElementValue>
          </Time>
          <Time>
            <StartTime>2025-12-10T00:00:00+08:00</StartTime>
            <EndTime>2025-12-11T00:00:00+08:00</EndTime>
            <ElementValue>
              <MaxApparentTemperature>27</MaxApparentTemperature>
            </ElementValue>
          </Time>
          <Time>
            <StartTime>2025-12-11T00:00:00+08:00</StartTime>
            <EndTime>2025-12-12T00:00:00+08:00</EndTime>
            <ElementValue>
              <MaxApparentTemperature>26</MaxApparentTemperature>
            </ElementValue>
          </Time>
          <Time>
            <StartTime>2025-12-12T00:00:00+08:00</StartTime>
            <EndTime>2025-12-13T00:00:00+08:00</EndTime>
            <ElementValue>
              <MaxApparentTemperature>26</MaxApparentTemperature>
            </ElementValue>
          </Time>
          <Time>
            <StartTime>2025-12-13T00:00:00+08:00</StartTime>
            <EndTime>2025-12-14T00:00:00+08:00</EndTime>
            <ElementValue>
              <MaxApparentTemperature>24</MaxApparentTemperature>
            </ElementValue>
          </Time>
        </WeatherElement>
        <WeatherElement>
          <ElementName>最低體感溫度</ElementName>
          <Time>
            <StartTime>2025-12-07T00:00:00+08:00</StartTime>
            <EndTime>2025-12-08T00:00:00+08:00</EndTime>
            <ElementValue>
              <MinApparentTemperature>15</MinApparentTemperature>
            </ElementValue>
          </Time>
          <Time>
            <StartTime>2025-12-08T00:00:00+08:00</StartTime>
            <EndTime>2025-12-09T00:00:00+08:00</EndTime>
            <ElementValue>
              <MinApparentTemperature>15</MinApparentTemperature>
            </ElementValue>
          </Time>
          <Time>
            <StartTime>2025-12-09T00:00:00+08:00</StartTime>
            <EndTime>2025-12-10T00:00:00+08:00</EndTime>
            <ElementValue>
              <MinApparentTemperature>15</MinApparentTemperature>
            </ElementValue>
          </Time>
          <Time>
            <StartTime>2025-12-10T00:00:00+08:00</StartTime>
            <EndTime>2025-12-11T00:00:00+08:00</EndTime>
            <ElementValue>
              <MinApparentTemperature>18</MinApparentTemperature>
            </ElementValue>
          </Time>
          <Time>
            <StartTime>2025-12-11T00:00:00+08:00</StartTime>
            <EndTime>2025-12-12T00:00:00+08:00</EndTime>
            <ElementValue>
              <MinApparentTemperature>20</MinApparentTemperature>
            </ElementValue>
          </Time>
          <Time>
            <StartTime>2025-12-12T00:00:00+08:00</StartTime>
            <EndTime>2025-12-13T00:00:00+08:00</EndTime>
            <ElementValue>
              <MinApparentTemperature>20</MinApparentTemperature>
            </ElementValue>
          </Time>
          <Time>
            <StartTime>2025-12-13T00:00:00+08:00</StartTime>
            <EndTime>2025-12-14T00:00:00+08:00</EndTime>
            <ElementValue>
              <MinApparentTemperature>19</MinApparentTemperature>
            </ElementValue>
          </Time>
        </WeatherElement>
        <WeatherElement>
          <ElementName>最大舒適度指數</ElementName>
          <Time>
            <StartTime>2025-12-07T00:00:00+08:00</StartTime>
            <EndTime>2025-12-08T00:00:00+08:00</EndTime>
            <ElementValue>
              <MaxComfortIndex>23</MaxComfortIndex>
              <MaxComfortIndexDescription>舒適</MaxComfortIndexDescription>
            </ElementValue>
          </Time>
          <Time>
            <StartTime>2025-12-08T00:00:00+08:00</StartTime>
            <EndTime>2025-12-09T00:00:00+08:00</EndTime>
            <ElementValue>
              <MaxComfortIndex>21</MaxComfortIndex>
              <MaxComfortIndexDescription>舒適</MaxComfortIndexDescription>
            </ElementValue>
          </Time>
          <Time>
            <StartTime>2025-12-09T00:00:00+08:00</StartTime>
            <EndTime>2025-12-10T00:00:00+08:00</EndTime>
            <ElementValue>
              <MaxComfortIndex>22</MaxComfortIndex>
              <MaxComfortIndexDescription>舒適</MaxComfortIndexDescription>
            </ElementValue>
          </Time>
          <Time>
            <StartTime>2025-12-10T00:00:00+08:00</StartTime>
            <EndTime>2025-12-11T00:00:00+08:00</EndTime>
            <ElementValue>
              <MaxComfortIndex>22</MaxComfortIndex>
              <MaxComfortIndexDescription>舒適</MaxComfortIndexDescription>
            </ElementValue>
          </Time>
          <Time>
            <StartTime>2025-12-11T00:00:00+08:00</StartTime>
            <EndTime>2025-12-12T00:00:00+08:00</EndTime>
            <ElementValue>
              <MaxComfortIndex>22</MaxComfortIndex>
              <MaxComfortIndexDescription>舒適</MaxComfortIndexDescription>
            </ElementValue>
          </Time>
          <Time>
            <StartTime>2025-12-12T00:00:00+08:00</StartTime>
            <EndTime>2025-12-13T00:00:00+08:00</EndTime>
            <ElementValue>
              <MaxComfortIndex>22</MaxComfortIndex>
              <MaxComfortIndexDescription>舒適</MaxComfortIndexDescription>
            </ElementValue>
          </Time>
          <Time>
            <StartTime>2025-12-13T00:00:00+08:00</StartTime>
            <EndTime>2025-12-14T00:00:00+08:00</EndTime>
            <ElementValue>
              <MaxComfortIndex>21</MaxComfortIndex>
              <MaxComfortIndexDescription>舒適</MaxComfortIndexDescription>
            </ElementValue>
          </Time>
        </WeatherElement>
        <WeatherElement>
          <ElementName>最小舒適度指數</ElementName>
          <Time>
            <StartTime>2025-12-07T00:00:00+08:00</StartTime>
            <EndTime>2025-12-08T00:00:00+08:00</EndTime>
            <ElementValue>
              <MinComfortIndex>17</MinComfortIndex>
              <MinComfortIndexDescription>稍有寒意</MinComfortIndexDescription>
            </ElementValue>
          </Time>
          <Time>
            <StartTime>2025-12-08T00:00:00+08:00</StartTime>
            <EndTime>2025-12-09T00:00:00+08:00</EndTime>
            <ElementValue>
              <MinComfortIndex>17</MinComfortIndex>
              <MinComfortIndexDescription>稍有寒意</MinComfortIndexDescription>
            </ElementValue>
          </Time>
          <Time>
            <StartTime>2025-12-09T00:00:00+08:00</StartTime>
            <EndTime>2025-12-10T00:00:00+08:00</EndTime>
            <ElementValue>
              <MinComfortIndex>18</MinComfortIndex>
              <MinComfortIndexDescription>稍有寒意</MinComfortIndexDescription>
            </ElementValue>
          </Time>
          <Time>
            <StartTime>2025-12-10T00:00:00+08:00</StartTime>
            <EndTime>2025-12-11T00:00:00+08:00</EndTime>
            <ElementValue>
              <MinComfortIndex>17</MinComfortIndex>
              <MinComfortIndexDescription>稍有寒意</MinComfortIndexDescription>
            </ElementValue>
          </Time>
          <Time>
            <StartTime>2025-12-11T00:00:00+08:00</StartTime>
            <EndTime>2025-12-12T00:00:00+08:00</EndTime>
            <ElementValue>
              <MinComfortIndex>18</MinComfortIndex>
              <MinComfortIndexDescription>稍有寒意</MinComfortIndexDescription>
            </ElementValue>
          </Time>
          <Time>
            <StartTime>2025-12-12T00:00:00+08:00</StartTime>
            <EndTime>2025-12-13T00:00:00+08:00</EndTime>
            <ElementValue>
              <MinComfortIndex>18</MinComfortIndex>
              <MinComfortIndexDescription>稍有寒意</MinComfortIndexDescription>
            </ElementValue>
          </Time>
          <Time>
            <StartTime>2025-12-13T00:00:00+08:00</StartTime>
            <EndTime>2025-12-14T00:00:00+08:00</EndTime>
            <ElementValue>
              <MinComfortIndex>18</MinComfortIndex>
              <MinComfortIndexDescription>稍有寒意</MinComfortIndexDescription>
            </ElementValue>
          </Time>
        </WeatherElement>
        <WeatherElement>
          <ElementName>風速</ElementName>
          <Time>
            <StartTime>2025-12-07T00:00:00+08:00</StartTime>
            <EndTime>2025-12-08T00:00:00+08:00</EndTime>
            <ElementValue>
              <WindSpeed>7</WindSpeed>
              <BeaufortScale>4</BeaufortScale>
            </ElementValue>
          </Time>
          <Time>
            <StartTime>2025-12-08T00:00:00+08:00</StartTime>
            <EndTime>2025-12-09T00:00:00+08:00</EndTime>
            <ElementValue>
              <WindSpeed>10</WindSpeed>
              <BeaufortScale>5</BeaufortScale>
            </ElementValue>
          </Time>
          <Time>
            <StartTime>2025-12-09T00:00:00+08:00</StartTime>
            <EndTime>2025-12-10T00:00:00+08:00</EndTime>
            <ElementValue>
              <WindSpeed>9</WindSpeed>
              <BeaufortScale>5</BeaufortScale>
            </ElementValue>
          </Time>
          <Time>
            <StartTime>2025-12-10T00:00:00+08:00</StartTime>
            <EndTime>2025-12-11T00:00:00+08:00</EndTime>
            <ElementValue>
              <WindSpeed>5</WindSpeed>
              <BeaufortScale>3</BeaufortScale>
            </ElementValue>
          </Time>
          <Time>
            <StartTime>2025-12-11T00:00:00+08:00</StartTime>
            <EndTime>2025-12-12T00:00:00+08:00</EndTime>
            <ElementValue>
              <WindSpeed>2</WindSpeed>
              <BeaufortScale>2</BeaufortScale>
            </ElementValue>
          </Time>
          <Time>
            <StartTime>2025-12-12T00:00:00+08:00</StartTime>
            <EndTime>2025-12-13T00:00:00+08:00</EndTime>
            <ElementValue>
              <WindSpeed>0</WindSpeed>
              <BeaufortScale>&lt;= 1</BeaufortScale>
            </ElementValue>
          </Time>
          <Time>
            <StartTime>2025-12-13T00:00:00+08:00</StartTime>
            <EndTime>2025-12-14T00:00:00+08:00</EndTime>
            <ElementValue>
              <WindSpeed>3</WindSpeed>
              <BeaufortScale>2</BeaufortScale>
            </ElementValue>
          </Time>
        </WeatherElement>
        <WeatherElement>
          <ElementName>風向</ElementName>
          <Time>
            <StartTime>2025-12-07T00:00:00+08:00</StartTime>
            <EndTime>2025-12-08T00:00:00+08:00</EndTime>
            <ElementValue>
              <WindDirection>東北風</WindDirection>
            </ElementValue>
          </Time>
          <Time>
            <StartTime>2025-12-08T00:00:00+08:00</StartTime>
            <EndTime>2025-12-09T00:00:00+08:00</EndTime>
            <ElementValue>
              <WindDirection>東北風</WindDirection>
            </ElementValue>
          </Time>
          <Time>
            <StartTime>2025-12-09T00:00:00+08:00</StartTime>
            <EndTime>2025-12-10T00:00:00+08:00</EndTime>
            <ElementValue>
              <WindDirection>東北風</WindDirection>
            </ElementValue>
          </Time>
          <Time>
            <StartTime>2025-12-10T00:00:00+08:00</StartTime>
            <EndTime>2025-12-11T00:00:00+08:00</EndTime>
            <ElementValue>
              <WindDirection>偏東風</WindDirection>
            </ElementValue>
          </Time>
          <Time>
            <StartTime>2025-12-11T00:00:00+08:00</StartTime>
            <EndTime>2025-12-12T00:00:00+08:00</EndTime>
            <ElementValue>
              <WindDirection>東北風</WindDirection>
            </ElementValue>
          </Time>
          <Time>
            <StartTime>2025-12-12T00:00:00+08:00</StartTime>
            <EndTime>2025-12-13T00:00:00+08:00</EndTime>
            <ElementValue>
              <WindDirection>偏東風</WindDirection>
            </ElementValue>
          </Time>
          <Time>
            <StartTime>2025-12-13T00:00:00+08:00</StartTime>
            <EndTime>2025-12-14T00:00:00+08:00</EndTime>
            <ElementValue>
              <WindDirection>東北風</WindDirection>
            </ElementValue>
          </Time>
        </WeatherElement>
        <WeatherElement>
          <ElementName>24小時降雨機率</ElementName>
          <Time>
            <StartTime>2025-12-07T00:00:00+08:00</StartTime>
            <EndTime>2025-12-08T00:00:00+08:00</EndTime>
            <ElementValue>
              <ProbabilityOfPrecipitation>0</ProbabilityOfPrecipitation>
            </ElementValue>
          </Time>
          <Time>
            <StartTime>2025-12-08T00:00:00+08:00</StartTime>
            <EndTime>2025-12-09T00:00:00+08:00</EndTime>
            <ElementValue>
              <ProbabilityOfPrecipitation>10</ProbabilityOfPrecipitation>
            </ElementValue>
          </Time>
          <Time>
            <StartTime>2025-12-09T00:00:00+08:00</StartTime>
            <EndTime>2025-12-10T00:00:00+08:00</EndTime>
            <ElementValue>
              <ProbabilityOfPrecipitation>0</ProbabilityOfPrecipitation>
            </ElementValue>
          </Time>
          <Time>
            <StartTime>2025-12-10T00:00:00+08:00</StartTime>
            <EndTime>2025-12-11T00:00:00+08:00</EndTime>
            <ElementValue>
              <ProbabilityOfPrecipitation>-</ProbabilityOfPrecipitation>
            </ElementValue>
          </Time>
          <Time>
            <StartTime>2025-12-11T00:00:00+08:00</StartTime>
            <EndTime>2025-12-12T00:00:00+08:00</EndTime>
            <ElementValue>
              <ProbabilityOfPrecipitation>-</ProbabilityOfPrecipitation>
            </ElementValue>
          </Time>
          <Time>
            <StartTime>2025-12-12T00:00:00+08:00</StartTime>
            <EndTime>2025-12-13T00:00:00+08:00</EndTime>
            <ElementValue>
              <ProbabilityOfPrecipitation>-</ProbabilityOfPrecipitation>
            </ElementValue>
          </Time>
          <Time>
            <StartTime>2025-12-13T00:00:00+08:00</StartTime>
            <EndTime>2025-12-14T00:00:00+08:00</EndTime>
            <ElementValue>
              <ProbabilityOfPrecipitation>-</ProbabilityOfPrecipitation>
            </ElementValue>
          </Time>
        </WeatherElement>
        <WeatherElement>
          <ElementName>天氣現象</ElementName>
          <Time>
            <StartTime>2025-12-07T00:00:00+08:00</StartTime>
            <EndTime>2025-12-08T00:00:00+08:00</EndTime>
            <ElementValue>
              <Weather>晴時多雲</Weather>
              <WeatherCode>02</WeatherCode>
            </ElementValue>
          </Time>
          <Time>
            <StartTime>2025-12-08T00:00:00+08:00</StartTime>
            <EndTime>2025-12-09T00:00:00+08:00</EndTime>
            <ElementValue>
              <Weather>晴時多雲</Weather>
              <WeatherCode>02</WeatherCode>
            </ElementValue>
          </Time>
          <Time>
            <StartTime>2025-12-09T00:00:00+08:00</StartTime>
            <EndTime>2025-12-10T00:00:00+08:00</EndTime>
            <ElementValue>
              <Weather>晴時多雲</Weather>
              <WeatherCode>02</WeatherCode>
            </ElementValue>
          </Time>
          <Time>
            <StartTime>2025-12-10T00:00:00+08:00</StartTime>
            <EndTime>2025-12-11T00:00:00+08:00</EndTime>
            <ElementValue>
              <Weather>晴時多雲</Weather>
              <WeatherCode>02</WeatherCode>
            </ElementValue>
          </Time>
          <Time>
            <StartTime>2025-12-11T00:00:00+08:00</StartTime>
            <EndTime>2025-12-12T00:00:00+08:00</EndTime>
            <ElementValue>
              <Weather>晴時多雲</Weather>
              <WeatherCode>02</WeatherCode>
            </ElementValue>
          </Time>
          <Time>
            <StartTime>2025-12-12T00:00:00+08:00</StartTime>
            <EndTime>2025-12-13T00:00:00+08:00</EndTime>
            <ElementValue>
              <Weather>晴時多雲</Weather>
              <WeatherCode>02</WeatherCode>
            </ElementValue>
          </Time>
          <Time>
            <StartTime>2025-12-13T00:00:00+08:00</StartTime>
            <EndTime>2025-12-14T00:00:00+08:00</EndTime>
            <ElementValue>
              <Weather>多雲時陰短暫雨</Weather>
              <WeatherCode>09</WeatherCode>
            </ElementValue>
          </Time>
        </WeatherElement>
        <WeatherElement>
          <ElementName>紫外線指數</ElementName>
          <Time>
            <StartTime>2025-12-07T00:00:00+08:00</StartTime>
            <EndTime>2025-12-08T00:00:00+08:00</EndTime>
            <ElementValue>
              <UVIndex>5</UVIndex>
              <UVExposureLevel>中量級</UVExposureLevel>
            </ElementValue>
          </Time>
          <Time>
            <StartTime>2025-12-08T00:00:00+08:00</StartTime>
            <EndTime>2025-12-09T00:00:00+08:00</EndTime>
            <ElementValue>
              <UVIndex>4</UVIndex>
              <UVExposureLevel>中量級</UVExposureLevel>
            </ElementValue>
          </Time>
          <Time>
            <StartTime>2025-12-09T00:00:00+08:00</StartTime>
            <EndTime>2025-12-10T00:00:00+08:00</EndTime>
            <ElementValue>
              <UVIndex>4</UVIndex>
              <UVExposureLevel>中量級</UVExposureLevel>
            </ElementValue>
          </Time>
          <Time>
            <StartTime>2025-12-10T00:00:00+08:00</StartTime>
            <EndTime>2025-12-11T00:00:00+08:00</EndTime>
            <ElementValue>
              <UVIndex>5</UVIndex>
              <UVExposureLevel>中量級</UVExposureLevel>
            </ElementValue>
          </Time>
          <Time>
            <StartTime>2025-12-11T00:00:00+08:00</StartTime>
            <EndTime>2025-12-12T00:00:00+08:00</EndTime>
            <ElementValue>
              <UVIndex>4</UVIndex>
              <UVExposureLevel>中量級</UVExposureLevel>
            </ElementValue>
          </Time>
          <Time>
            <StartTime>2025-12-12T00:00:00+08:00</StartTime>
            <EndTime>2025-12-13T00:00:00+08:00</EndTime>
            <ElementValue>
              <UVIndex>4</UVIndex>
              <UVExposureLevel>中量級</UVExposureLevel>
            </ElementValue>
          </Time>
          <Time>
            <StartTime>2025-12-13T00:00:00+08:00</StartTime>
            <EndTime>2025-12-14T00:00:00+08:00</EndTime>
            <ElementValue>
              <UVIndex>4</UVIndex>
              <UVExposureLevel>中量級</UVExposureLevel>
            </ElementValue>
          </Time>
        </WeatherElement>
        <WeatherElement>
          <ElementName>天氣預報綜合描述</ElementName>
          <Time>
            <StartTime>2025-12-07T00:00:00+08:00</StartTime>
            <EndTime>2025-12-08T00:00:00+08:00</EndTime>
            <ElementValue>
              <WeatherDescription>晴時多雲。降雨機率0%。溫度攝氏17至25度。稍有寒意至舒適。東北風 風速4級(每秒7公尺)。相對濕度80%。</WeatherDescription>
            </ElementValue>
          </Time>
          <Time>
            <StartTime>2025-12-08T00:00:00+08:00</StartTime>
            <EndTime>2025-12-09T00:00:00+08:00</EndTime>
            <ElementValue>
              <WeatherDescription>晴時多雲。降雨機率10%。溫度攝氏17至22度。稍有寒意至舒適。東北風 風速5級(每秒10公尺)。相對濕度84%。</WeatherDescription>
            </ElementValue>
          </Time>
          <Time>
            <StartTime>2025-12-09T00:00:00+08:00</StartTime>
            <EndTime>2025-12-10T00:00:00+08:00</EndTime>
            <ElementValue>
              <WeatherDescription>晴時多雲。降雨機率0%。溫度攝氏18至24度。稍有寒意至舒適。東北風 風速5級(每秒9公尺)。相對濕度81%。</WeatherDescription>
            </ElementValue>
          </Time>
          <Time>
            <StartTime>2025-12-10T00:00:00+08:00</StartTime>
            <EndTime>2025-12-11T00:00:00+08:00</EndTime>
            <ElementValue>
              <WeatherDescription>晴時多雲。溫度攝氏18至24度。稍有寒意至舒適。偏東風 風速3級(每秒5公尺)。相對濕度86%。</WeatherDescription>
            </ElementValue>
          </Time>
          <Time>
            <StartTime>2025-12-11T00:00:00+08:00</StartTime>
            <EndTime>2025-12-12T00:00:00+08:00</EndTime>
            <ElementValue>
              <WeatherDescription>晴時多雲。溫度攝氏18至24度。稍有寒意至舒適。東北風 風速2級(每秒2公尺)。相對濕度85%。</WeatherDescription>
            </ElementValue>
          </Time>
          <Time>
            <StartTime>2025-12-12T00:00:00+08:00</StartTime>
            <EndTime>2025-12-13T00:00:00+08:00</EndTime>
            <ElementValue>
              <WeatherDescription>晴時多雲。溫度攝氏18至23度。稍有寒意至舒適。偏東風 風速&lt;= 1級(每秒0公尺)。相對濕度83%。</WeatherDescription>
            </ElementValue>
          </Time>
          <Time>
            <StartTime>2025-12-13T00:00:00+08:00</StartTime>
            <EndTime>2025-12-14T00:00:00+08:00</EndTime>
            <ElementValue>
              <WeatherDescription>多雲時陰短暫雨。溫度攝氏18至22度。稍有寒意至舒適。東北風 風速2級(每秒3公尺)。相對濕度84%。</WeatherDescription>
            </ElementValue>
          </Time>
        </WeatherElement>
      </Location>
      <Location>
        <LocationName>香山區</LocationName>
        <Geocode>10018030</Geocode>
        <Latitude>24.798788</Latitude>
        <Longitude>120.933766</Longitude>
        <WeatherElement>
          <ElementName>平均溫度</ElementName>
          <Time>
            <StartTime>2025-12-07T00:00:00+08:00</StartTime>
            <EndTime>2025-12-08T00:00:00+08:00</EndTime>
            <ElementValue>
              <Temperature>20</Temperature>
            </ElementValue>
          </Time>
          <Time>
            <StartTime>2025-12-08T00:00:00+08:00</StartTime>
            <EndTime>2025-12-09T00:00:00+08:00</EndTime>
            <ElementValue>
              <Temperature>20</Temperature>
            </ElementValue>
          </Time>
          <Time>
            <StartTime>2025-12-09T00:00:00+08:00</StartTime>
            <EndTime>2025-12-10T00:00:00+08:00</EndTime>
            <ElementValue>
              <Temperature>20</Temperature>
            </ElementValue>
          </Time>
          <Time>
            <StartTime>2025-12-10T00:00:00+08:00</StartTime>
            <EndTime>2025-12-11T00:00:00+08:00</EndTime>
            <ElementValue>
              <Temperature>20</Temperature>
            </ElementValue>
          </Time>
          <Time>
            <StartTime>2025-12-11T00:00:00+08:00</StartTime>
            <EndTime>2025-12-12T00:00:00+08:00</EndTime>
            <ElementValue>
              <Temperature>20</Temperature>
            </ElementValue>
          </Time>
          <Time>
            <StartTime>2025-12-12T00:00:00+08:00</StartTime>
            <EndTime>2025-12-13T00:00:00+08:00</EndTime>
            <ElementValue>
              <Temperature>20</Temperature>
            </ElementValue>
          </Time>
          <Time>
            <StartTime>2025-12-13T00:00:00+08:00</StartTime>
            <EndTime>2025-12-14T00:00:00+08:00</EndTime>
            <ElementValue>
              <Temperature>19</Temperature>
            </ElementValue>
          </Time>
        </WeatherElement>
        <WeatherElement>
          <ElementName>最高溫度</ElementName>
          <Time>
            <StartTime>2025-12-07T00:00:00+08:00</StartTime>
            <EndTime>2025-12-08T00:00:00+08:00</EndTime>
            <ElementValue>
              <MaxTemperature>25</MaxTemperature>
            </ElementValue>
          </Time>
          <Time>
            <StartTime>2025-12-08T00:00:00+08:00</StartTime>
            <EndTime>2025-12-09T00:00:00+08:00</EndTime>
            <ElementValue>
              <MaxTemperature>22</MaxTemperature>
            </ElementValue>
          </Time>
          <Time>
            <StartTime>2025-12-09T00:00:00+08:00</StartTime>
            <EndTime>2025-12-10T00:00:00+08:00</EndTime>
            <ElementValue>
              <MaxTemperature>24</MaxTemperature>
            </ElementValue>
          </Time>
          <Time>
            <StartTime>2025-12-10T00:00:00+08:00</StartTime>
            <EndTime>2025-12-11T00:00:00+08:00</EndTime>
            <ElementValue>
              <MaxTemperature>23</MaxTemperature>
            </ElementValue>
          </Time>
          <Time>
            <StartTime>2025-12-11T00:00:00+08:00</StartTime>
            <EndTime>2025-12-12T00:00:00+08:00</EndTime>
            <ElementValue>
              <MaxTemperature>24</MaxTemperature>
            </ElementValue>
          </Time>
          <Time>
            <StartTime>2025-12-12T00:00:00+08:00</StartTime>
            <EndTime>2025-12-13T00:00:00+08:00</EndTime>
            <ElementValue>
              <MaxTemperature>23</MaxTemperature>
            </ElementValue>
          </Time>
          <Time>
            <StartTime>2025-12-13T00:00:00+08:00</StartTime>
            <EndTime>2025-12-14T00:00:00+08:00</EndTime>
            <ElementValue>
              <MaxTemperature>22</MaxTemperature>
            </ElementValue>
          </Time>
        </WeatherElement>
        <WeatherElement>
          <ElementName>最低溫度</ElementName>
          <Time>
            <StartTime>2025-12-07T00:00:00+08:00</StartTime>
            <EndTime>2025-12-08T00:00:00+08:00</EndTime>
            <ElementValue>
              <MinTemperature>17</MinTemperature>
            </ElementValue>
          </Time>
          <Time>
            <StartTime>2025-12-08T00:00:00+08:00</StartTime>
            <EndTime>2025-12-09T00:00:00+08:00</EndTime>
            <ElementValue>
              <MinTemperature>17</MinTemperature>
            </ElementValue>
          </Time>
          <Time>
            <StartTime>2025-12-09T00:00:00+08:00</StartTime>
            <EndTime>2025-12-10T00:00:00+08:00</EndTime>
            <ElementValue>
              <MinTemperature>18</MinTemperature>
            </ElementValue>
          </Time>
          <Time>
            <StartTime>2025-12-10T00:00:00+08:00</StartTime>
            <EndTime>2025-12-11T00:00:00+08:00</EndTime>
            <ElementValue>
              <MinTemperature>18</MinTemperature>
            </ElementValue>
          </Time>
          <Time>
            <StartTime>2025-12-11T00:00:00+08:00</StartTime>
            <EndTime>2025-12-12T00:00:00+08:00</EndTime>
            <ElementValue>
              <MinTemperature>18</MinTemperature>
            </ElementValue>
          </Time>
          <Time>
            <StartTime>2025-12-12T00:00:00+08:00</StartTime>
            <EndTime>2025-12-13T00:00:00+08:00</EndTime>
            <ElementValue>
              <MinTemperature>18</MinTemperature>
            </ElementValue>
          </Time>
          <Time>
            <StartTime>2025-12-13T00:00:00+08:00</StartTime>
            <EndTime>2025-12-14T00:00:00+08:00</EndTime>
            <ElementValue>
              <MinTemperature>18</MinTemperature>
            </ElementValue>
          </Time>
        </WeatherElement>
        <WeatherElement>
          <ElementName>平均露點溫度</ElementName>
          <Time>
            <StartTime>2025-12-07T00:00:00+08:00</StartTime>
            <EndTime>2025-12-08T00:00:00+08:00</EndTime>
            <ElementValue>
              <DewPoint>17</DewPoint>
            </ElementValue>
          </Time>
          <Time>
            <StartTime>2025-12-08T00:00:00+08:00</StartTime>
            <EndTime>2025-12-09T00:00:00+08:00</EndTime>
            <ElementValue>
              <DewPoint>17</DewPoint>
            </ElementValue>
          </Time>
          <Time>
            <StartTime>2025-12-09T00:00:00+08:00</StartTime>
            <EndTime>2025-12-10T00:00:00+08:00</EndTime>
            <ElementValue>
              <DewPoint>17</DewPoint>
            </ElementValue>
          </Time>
          <Time>
            <StartTime>2025-12-10T00:00:00+08:00</StartTime>
            <EndTime>2025-12-11T00:00:00+08:00</EndTime>
            <ElementValue>
              <DewPoint>18</DewPoint>
            </ElementValue>
          </Time>
          <Time>
            <StartTime>2025-12-11T00:00:00+08:00</StartTime>
            <EndTime>2025-12-12T00:00:00+08:00</EndTime>
            <ElementValue>
              <DewPoint>18</DewPoint>
            </ElementValue>
          </Time>
          <Time>
            <StartTime>2025-12-12T00:00:00+08:00</StartTime>
            <EndTime>2025-12-13T00:00:00+08:00</EndTime>
            <ElementValue>
              <DewPoint>17</DewPoint>
            </ElementValue>
          </Time>
          <Time>
            <StartTime>2025-12-13T00:00:00+08:00</StartTime>
            <EndTime>2025-12-14T00:00:00+08:00</EndTime>
            <ElementValue>
              <DewPoint>17</DewPoint>
            </ElementValue>
          </Time>
        </WeatherElement>
        <WeatherElement>
          <ElementName>平均相對濕度</ElementName>
          <Time>
            <StartTime>2025-12-07T00:00:00+08:00</StartTime>
            <EndTime>2025-12-08T00:00:00+08:00</EndTime>
            <ElementValue>
              <RelativeHumidity>82</RelativeHumidity>
            </ElementValue>
          </Time>
          <Time>
            <StartTime>2025-12-08T00:00:00+08:00</StartTime>
            <EndTime>2025-12-09T00:00:00+08:00</EndTime>
            <ElementValue>
              <RelativeHumidity>84</RelativeHumidity>
            </ElementValue>
          </Time>
          <Time>
            <StartTime>2025-12-09T00:00:00+08:00</StartTime>
            <EndTime>2025-12-10T00:00:00+08:00</EndTime>
            <ElementValue>
              <RelativeHumidity>82</RelativeHumidity>
            </ElementValue>
          </Time>
          <Time>
            <StartTime>2025-12-10T00:00:00+08:00</StartTime>
            <EndTime>2025-12-11T00:00:00+08:00</EndTime>
            <ElementValue>
              <RelativeHumidity>87</RelativeHumidity>
            </ElementValue>
          </Time>
          <Time>
            <StartTime>2025-12-11T00:00:00+08:00</StartTime>
            <EndTime>2025-12-12T00:00:00+08:00</EndTime>
            <ElementValue>
              <RelativeHumidity>85</RelativeHumidity>
            </ElementValue>
          </Time>
          <Time>
            <StartTime>2025-12-12T00:00:00+08:00</StartTime>
            <EndTime>2025-12-13T00:00:00+08:00</EndTime>
            <ElementValue>
              <RelativeHumidity>84</RelativeHumidity>
            </ElementValue>
          </Time>
          <Time>
            <StartTime>2025-12-13T00:00:00+08:00</StartTime>
            <EndTime>2025-12-14T00:00:00+08:00</EndTime>
            <ElementValue>
              <RelativeHumidity>85</RelativeHumidity>
            </ElementValue>
          </Time>
        </WeatherElement>
        <WeatherElement>
          <ElementName>最高體感溫度</ElementName>
          <Time>
            <StartTime>2025-12-07T00:00:00+08:00</StartTime>
            <EndTime>2025-12-08T00:00:00+08:00</EndTime>
            <ElementValue>
              <MaxApparentTemperature>25</MaxApparentTemperature>
            </ElementValue>
          </Time>
          <Time>
            <StartTime>2025-12-08T00:00:00+08:00</StartTime>
            <EndTime>2025-12-09T00:00:00+08:00</EndTime>
            <ElementValue>
              <MaxApparentTemperature>19</MaxApparentTemperature>
            </ElementValue>
          </Time>
          <Time>
            <StartTime>2025-12-09T00:00:00+08:00</StartTime>
            <EndTime>2025-12-10T00:00:00+08:00</EndTime>
            <ElementValue>
              <MaxApparentTemperature>22</MaxApparentTemperature>
            </ElementValue>
          </Time>
          <Time>
            <StartTime>2025-12-10T00:00:00+08:00</StartTime>
            <EndTime>2025-12-11T00:00:00+08:00</EndTime>
            <ElementValue>
              <MaxApparentTemperature>26</MaxApparentTemperature>
            </ElementValue>
          </Time>
          <Time>
            <StartTime>2025-12-11T00:00:00+08:00</StartTime>
            <EndTime>2025-12-12T00:00:00+08:00</EndTime>
            <ElementValue>
              <MaxApparentTemperature>26</MaxApparentTemperature>
            </ElementValue>
          </Time>
          <Time>
            <StartTime>2025-12-12T00:00:00+08:00</StartTime>
            <EndTime>2025-12-13T00:00:00+08:00</EndTime>
            <ElementValue>
              <MaxApparentTemperature>26</MaxApparentTemperature>
            </ElementValue>
          </Time>
          <Time>
            <StartTime>2025-12-13T00:00:00+08:00</StartTime>
            <EndTime>2025-12-14T00:00:00+08:00</EndTime>
            <ElementValue>
              <MaxApparentTemperature>24</MaxApparentTemperature>
            </ElementValue>
          </Time>
        </WeatherElement>
        <WeatherElement>
          <ElementName>最低體感溫度</ElementName>
          <Time>
            <StartTime>2025-12-07T00:00:00+08:00</StartTime>
            <EndTime>2025-12-08T00:00:00+08:00</EndTime>
            <ElementValue>
              <MinApparentTemperature>15</MinApparentTemperature>
            </ElementValue>
          </Time>
          <Time>
            <StartTime>2025-12-08T00:00:00+08:00</StartTime>
            <EndTime>2025-12-09T00:00:00+08:00</EndTime>
            <ElementValue>
              <MinApparentTemperature>15</MinApparentTemperature>
            </ElementValue>
          </Time>
          <Time>
            <StartTime>2025-12-09T00:00:00+08:00</StartTime>
            <EndTime>2025-12-10T00:00:00+08:00</EndTime>
            <ElementValue>
              <MinApparentTemperature>15</MinApparentTemperature>
            </ElementValue>
          </Time>
          <Time>
            <StartTime>2025-12-10T00:00:00+08:00</StartTime>
            <EndTime>2025-12-11T00:00:00+08:00</EndTime>
            <ElementValue>
              <MinApparentTemperature>18</MinApparentTemperature>
            </ElementValue>
          </Time>
          <Time>
            <StartTime>2025-12-11T00:00:00+08:00</StartTime>
            <EndTime>2025-12-12T00:00:00+08:00</EndTime>
            <ElementValue>
              <MinApparentTemperature>20</MinApparentTemperature>
            </ElementValue>
          </Time>
          <Time>
            <StartTime>2025-12-12T00:00:00+08:00</StartTime>
            <EndTime>2025-12-13T00:00:00+08:00</EndTime>
            <ElementValue>
              <MinApparentTemperature>20</MinApparentTemperature>
            </ElementValue>
          </Time>
          <Time>
            <StartTime>2025-12-13T00:00:00+08:00</StartTime>
            <EndTime>2025-12-14T00:00:00+08:00</EndTime>
            <ElementValue>
              <MinApparentTemperature>18</MinApparentTemperature>
            </ElementValue>
          </Time>
        </WeatherElement>
        <WeatherElement>
          <ElementName>最大舒適度指數</ElementName>
          <Time>
            <StartTime>2025-12-07T00:00:00+08:00</StartTime>
            <EndTime>2025-12-08T00:00:00+08:00</EndTime>
            <ElementValue>
              <MaxComfortIndex>23</MaxComfortIndex>
              <MaxComfortIndexDescription>舒適</MaxComfortIndexDescription>
            </ElementValue>
          </Time>
          <Time>
            <StartTime>2025-12-08T00:00:00+08:00</StartTime>
            <EndTime>2025-12-09T00:00:00+08:00</EndTime>
            <ElementValue>
              <MaxComfortIndex>21</MaxComfortIndex>
              <MaxComfortIndexDescription>舒適</MaxComfortIndexDescription>
            </ElementValue>
          </Time>
          <Time>
            <StartTime>2025-12-09T00:00:00+08:00</StartTime>
            <EndTime>2025-12-10T00:00:00+08:00</EndTime>
            <ElementValue>
              <MaxComfortIndex>22</MaxComfortIndex>
              <MaxComfortIndexDescription>舒適</MaxComfortIndexDescription>
            </ElementValue>
          </Time>
          <Time>
            <StartTime>2025-12-10T00:00:00+08:00</StartTime>
            <EndTime>2025-12-11T00:00:00+08:00</EndTime>
            <ElementValue>
              <MaxComfortIndex>22</MaxComfortIndex>
              <MaxComfortIndexDescription>舒適</MaxComfortIndexDescription>
            </ElementValue>
          </Time>
          <Time>
            <StartTime>2025-12-11T00:00:00+08:00</StartTime>
            <EndTime>2025-12-12T00:00:00+08:00</EndTime>
            <ElementValue>
              <MaxComfortIndex>22</MaxComfortIndex>
              <MaxComfortIndexDescription>舒適</MaxComfortIndexDescription>
            </ElementValue>
          </Time>
          <Time>
            <StartTime>2025-12-12T00:00:00+08:00</StartTime>
            <EndTime>2025-12-13T00:00:00+08:00</EndTime>
            <ElementValue>
              <MaxComfortIndex>22</MaxComfortIndex>
              <MaxComfortIndexDescription>舒適</MaxComfortIndexDescription>
            </ElementValue>
          </Time>
          <Time>
            <StartTime>2025-12-13T00:00:00+08:00</StartTime>
            <EndTime>2025-12-14T00:00:00+08:00</EndTime>
            <ElementValue>
              <MaxComfortIndex>21</MaxComfortIndex>
              <MaxComfortIndexDescription>舒適</MaxComfortIndexDescription>
            </ElementValue>
          </Time>
        </WeatherElement>
        <WeatherElement>
          <ElementName>最小舒適度指數</ElementName>
          <Time>
            <StartTime>2025-12-07T00:00:00+08:00</StartTime>
            <EndTime>2025-12-08T00:00:00+08:00</EndTime>
            <ElementValue>
              <MinComfortIndex>16</MinComfortIndex>
              <MinComfortIndexDescription>稍有寒意</MinComfortIndexDescription>
            </ElementValue>
          </Time>
          <Time>
            <StartTime>2025-12-08T00:00:00+08:00</StartTime>
            <EndTime>2025-12-09T00:00:00+08:00</EndTime>
            <ElementValue>
              <MinComfortIndex>17</MinComfortIndex>
              <MinComfortIndexDescription>稍有寒意</MinComfortIndexDescription>
            </ElementValue>
          </Time>
          <Time>
            <StartTime>2025-12-09T00:00:00+08:00</StartTime>
            <EndTime>2025-12-10T00:00:00+08:00</EndTime>
            <ElementValue>
              <MinComfortIndex>18</MinComfortIndex>
              <MinComfortIndexDescription>稍有寒意</MinComfortIndexDescription>
            </ElementValue>
          </Time>
          <Time>
            <StartTime>2025-12-10T00:00:00+08:00</StartTime>
            <EndTime>2025-12-11T00:00:00+08:00</EndTime>
            <ElementValue>
              <MinComfortIndex>17</MinComfortIndex>
              <MinComfortIndexDescription>稍有寒意</MinComfortIndexDescription>
            </ElementValue>
          </Time>
          <Time>
            <StartTime>2025-12-11T00:00:00+08:00</StartTime>
            <EndTime>2025-12-12T00:00:00+08:00</EndTime>
            <ElementValue>
              <MinComfortIndex>18</MinComfortIndex>
              <MinComfortIndexDescription>稍有寒意</MinComfortIndexDescription>
            </ElementValue>
          </Time>
          <Time>
            <StartTime>2025-12-12T00:00:00+08:00</StartTime>
            <EndTime>2025-12-13T00:00:00+08:00</EndTime>
            <ElementValue>
              <MinComfortIndex>18</MinComfortIndex>
              <MinComfortIndexDescription>稍有寒意</MinComfortIndexDescription>
            </ElementValue>
          </Time>
          <Time>
            <StartTime>2025-12-13T00:00:00+08:00</StartTime>
            <EndTime>2025-12-14T00:00:00+08:00</EndTime>
            <ElementValue>
              <MinComfortIndex>18</MinComfortIndex>
              <MinComfortIndexDescription>稍有寒意</MinComfortIndexDescription>
            </ElementValue>
          </Time>
        </WeatherElement>
        <WeatherElement>
          <ElementName>風速</ElementName>
          <Time>
            <StartTime>2025-12-07T00:00:00+08:00</StartTime>
            <EndTime>2025-12-08T00:00:00+08:00</EndTime>
            <ElementValue>
              <WindSpeed>7</WindSpeed>
              <BeaufortScale>4</BeaufortScale>
            </ElementValue>
          </Time>
          <Time>
            <StartTime>2025-12-08T00:00:00+08:00</StartTime>
            <EndTime>2025-12-09T00:00:00+08:00</EndTime>
            <ElementValue>
              <WindSpeed>&gt;= 11</WindSpeed>
              <BeaufortScale>&gt;= 6</BeaufortScale>
            </ElementValue>
          </Time>
          <Time>
            <StartTime>2025-12-09T00:00:00+08:00</StartTime>
            <EndTime>2025-12-10T00:00:00+08:00</EndTime>
            <ElementValue>
              <WindSpeed>9</WindSpeed>
              <BeaufortScale>5</BeaufortScale>
            </ElementValue>
          </Time>
          <Time>
            <StartTime>2025-12-10T00:00:00+08:00</StartTime>
            <EndTime>2025-12-11T00:00:00+08:00</EndTime>
            <ElementValue>
              <WindSpeed>5</WindSpeed>
              <BeaufortScale>3</BeaufortScale>
            </ElementValue>
          </Time>
          <Time>
            <StartTime>2025-12-11T00:00:00+08:00</StartTime>
            <EndTime>2025-12-12T00:00:00+08:00</EndTime>
            <ElementValue>
              <WindSpeed>3</WindSpeed>
              <BeaufortScale>2</BeaufortScale>
            </ElementValue>
          </Time>
          <Time>
            <StartTime>2025-12-12T00:00:00+08:00</StartTime>
            <EndTime>2025-12-13T00:00:00+08:00</EndTime>
            <ElementValue>
              <WindSpeed>0</WindSpeed>
              <BeaufortScale>&lt;= 1</BeaufortScale>
            </ElementValue>
          </Time>
          <Time>
            <StartTime>2025-12-13T00:00:00+08:00</StartTime>
            <EndTime>2025-12-14T00:00:00+08:00</EndTime>
            <ElementValue>
              <WindSpeed>3</WindSpeed>
              <BeaufortScale>2</BeaufortScale>
            </ElementValue>
          </Time>
        </WeatherElement>
        <WeatherElement>
          <ElementName>風向</ElementName>
          <Time>
            <StartTime>2025-12-07T00:00:00+08:00</StartTime>
            <EndTime>2025-12-08T00:00:00+08:00</EndTime>
            <ElementValue>
              <WindDirection>東北風</WindDirection>
            </ElementValue>
          </Time>
          <Time>
            <StartTime>2025-12-08T00:00:00+08:00</StartTime>
            <EndTime>2025-12-09T00:00:00+08:00</EndTime>
            <ElementValue>
              <WindDirection>東北風</WindDirection>
            </ElementValue>
          </Time>
          <Time>
            <StartTime>2025-12-09T00:00:00+08:00</StartTime>
            <EndTime>2025-12-10T00:00:00+08:00</EndTime>
            <ElementValue>
              <WindDirection>東北風</WindDirection>
            </ElementValue>
          </Time>
          <Time>
            <StartTime>2025-12-10T00:00:00+08:00</StartTime>
            <EndTime>2025-12-11T00:00:00+08:00</EndTime>
            <ElementValue>
              <WindDirection>偏東風</WindDirection>
            </ElementValue>
          </Time>
          <Time>
            <StartTime>2025-12-11T00:00:00+08:00</StartTime>
            <EndTime>2025-12-12T00:00:00+08:00</EndTime>
            <ElementValue>
              <WindDirection>東北風</WindDirection>
            </ElementValue>
          </Time>
          <Time>
            <StartTime>2025-12-12T00:00:00+08:00</StartTime>
            <EndTime>2025-12-13T00:00:00+08:00</EndTime>
            <ElementValue>
              <WindDirection>偏東風</WindDirection>
            </ElementValue>
          </Time>
          <Time>
            <StartTime>2025-12-13T00:00:00+08:00</StartTime>
            <EndTime>2025-12-14T00:00:00+08:00</EndTime>
            <ElementValue>
              <WindDirection>東北風</WindDirection>
            </ElementValue>
          </Time>
        </WeatherElement>
        <WeatherElement>
          <ElementName>24小時降雨機率</ElementName>
          <Time>
            <StartTime>2025-12-07T00:00:00+08:00</StartTime>
            <EndTime>2025-12-08T00:00:00+08:00</EndTime>
            <ElementValue>
              <ProbabilityOfPrecipitation>0</ProbabilityOfPrecipitation>
            </ElementValue>
          </Time>
          <Time>
            <StartTime>2025-12-08T00:00:00+08:00</StartTime>
            <EndTime>2025-12-09T00:00:00+08:00</EndTime>
            <ElementValue>
              <ProbabilityOfPrecipitation>10</ProbabilityOfPrecipitation>
            </ElementValue>
          </Time>
          <Time>
            <StartTime>2025-12-09T00:00:00+08:00</StartTime>
            <EndTime>2025-12-10T00:00:00+08:00</EndTime>
            <ElementValue>
              <ProbabilityOfPrecipitation>0</ProbabilityOfPrecipitation>
            </ElementValue>
          </Time>
          <Time>
            <StartTime>2025-12-10T00:00:00+08:00</StartTime>
            <EndTime>2025-12-11T00:00:00+08:00</EndTime>
            <ElementValue>
              <ProbabilityOfPrecipitation>-</ProbabilityOfPrecipitation>
            </ElementValue>
          </Time>
          <Time>
            <StartTime>2025-12-11T00:00:00+08:00</StartTime>
            <EndTime>2025-12-12T00:00:00+08:00</EndTime>
            <ElementValue>
              <ProbabilityOfPrecipitation>-</ProbabilityOfPrecipitation>
            </ElementValue>
          </Time>
          <Time>
            <StartTime>2025-12-12T00:00:00+08:00</StartTime>
            <EndTime>2025-12-13T00:00:00+08:00</EndTime>
            <ElementValue>
              <ProbabilityOfPrecipitation>-</ProbabilityOfPrecipitation>
            </ElementValue>
          </Time>
          <Time>
            <StartTime>2025-12-13T00:00:00+08:00</StartTime>
            <EndTime>2025-12-14T00:00:00+08:00</EndTime>
            <ElementValue>
              <ProbabilityOfPrecipitation>-</ProbabilityOfPrecipitation>
            </ElementValue>
          </Time>
        </WeatherElement>
        <WeatherElement>
          <ElementName>天氣現象</ElementName>
          <Time>
            <StartTime>2025-12-07T00:00:00+08:00</StartTime>
            <EndTime>2025-12-08T00:00:00+08:00</EndTime>
            <ElementValue>
              <Weather>晴時多雲</Weather>
              <WeatherCode>02</WeatherCode>
            </ElementValue>
          </Time>
          <Time>
            <StartTime>2025-12-08T00:00:00+08:00</StartTime>
            <EndTime>2025-12-09T00:00:00+08:00</EndTime>
            <ElementValue>
              <Weather>晴時多雲</Weather>
              <WeatherCode>02</WeatherCode>
            </ElementValue>
          </Time>
          <Time>
            <StartTime>2025-12-09T00:00:00+08:00</StartTime>
            <EndTime>2025-12-10T00:00:00+08:00</EndTime>
            <ElementValue>
              <Weather>晴時多雲</Weather>
              <WeatherCode>02</WeatherCode>
            </ElementValue>
          </Time>
          <Time>
            <StartTime>2025-12-10T00:00:00+08:00</StartTime>
            <EndTime>2025-12-11T00:00:00+08:00</EndTime>
            <ElementValue>
              <Weather>晴時多雲</Weather>
              <WeatherCode>02</WeatherCode>
            </ElementValue>
          </Time>
          <Time>
            <StartTime>2025-12-11T00:00:00+08:00</StartTime>
            <EndTime>2025-12-12T00:00:00+08:00</EndTime>
            <ElementValue>
              <Weather>晴時多雲</Weather>
              <WeatherCode>02</WeatherCode>
            </ElementValue>
          </Time>
          <Time>
            <StartTime>2025-12-12T00:00:00+08:00</StartTime>
            <EndTime>2025-12-13T00:00:00+08:00</EndTime>
            <ElementValue>
              <Weather>晴時多雲</Weather>
              <WeatherCode>02</WeatherCode>
            </ElementValue>
          </Time>
          <Time>
            <StartTime>2025-12-13T00:00:00+08:00</StartTime>
            <EndTime>2025-12-14T00:00:00+08:00</EndTime>
            <ElementValue>
              <Weather>多雲時陰短暫雨</Weather>
              <WeatherCode>09</WeatherCode>
            </ElementValue>
          </Time>
        </WeatherElement>
        <WeatherElement>
          <ElementName>紫外線指數</ElementName>
          <Time>
            <StartTime>2025-12-07T00:00:00+08:00</StartTime>
            <EndTime>2025-12-08T00:00:00+08:00</EndTime>
            <ElementValue>
              <UVIndex>5</UVIndex>
              <UVExposureLevel>中量級</UVExposureLevel>
            </ElementValue>
          </Time>
          <Time>
            <StartTime>2025-12-08T00:00:00+08:00</StartTime>
            <EndTime>2025-12-09T00:00:00+08:00</EndTime>
            <ElementValue>
              <UVIndex>4</UVIndex>
              <UVExposureLevel>中量級</UVExposureLevel>
            </ElementValue>
          </Time>
          <Time>
            <StartTime>2025-12-09T00:00:00+08:00</StartTime>
            <EndTime>2025-12-10T00:00:00+08:00</EndTime>
            <ElementValue>
              <UVIndex>4</UVIndex>
              <UVExposureLevel>中量級</UVExposureLevel>
            </ElementValue>
          </Time>
          <Time>
            <StartTime>2025-12-10T00:00:00+08:00</StartTime>
            <EndTime>2025-12-11T00:00:00+08:00</EndTime>
            <ElementValue>
              <UVIndex>5</UVIndex>
              <UVExposureLevel>中量級</UVExposureLevel>
            </ElementValue>
          </Time>
          <Time>
            <StartTime>2025-12-11T00:00:00+08:00</StartTime>
            <EndTime>2025-12-12T00:00:00+08:00</EndTime>
            <ElementValue>
              <UVIndex>4</UVIndex>
              <UVExposureLevel>中量級</UVExposureLevel>
            </ElementValue>
          </Time>
          <Time>
            <StartTime>2025-12-12T00:00:00+08:00</StartTime>
            <EndTime>2025-12-13T00:00:00+08:00</EndTime>
            <ElementValue>
              <UVIndex>4</UVIndex>
              <UVExposureLevel>中量級</UVExposureLevel>
            </ElementValue>
          </Time>
          <Time>
            <StartTime>2025-12-13T00:00:00+08:00</StartTime>
            <EndTime>2025-12-14T00:00:00+08:00</EndTime>
            <ElementValue>
              <UVIndex>4</UVIndex>
              <UVExposureLevel>中量級</UVExposureLevel>
            </ElementValue>
          </Time>
        </WeatherElement>
        <WeatherElement>
          <ElementName>天氣預報綜合描述</ElementName>
          <Time>
            <StartTime>2025-12-07T00:00:00+08:00</StartTime>
            <EndTime>2025-12-08T00:00:00+08:00</EndTime>
            <ElementValue>
              <WeatherDescription>晴時多雲。降雨機率0%。溫度攝氏17至25度。稍有寒意至舒適。東北風 風速4級(每秒7公尺)。相對濕度82%。</WeatherDescription>
            </ElementValue>
          </Time>
          <Time>
            <StartTime>2025-12-08T00:00:00+08:00</StartTime>
            <EndTime>2025-12-09T00:00:00+08:00</EndTime>
            <ElementValue>
              <WeatherDescription>晴時多雲。降雨機率10%。溫度攝氏17至22度。稍有寒意至舒適。東北風 風速&gt;= 6級(每秒&gt;= 11公尺)。相對濕度84%。</WeatherDescription>
            </ElementValue>
          </Time>
          <Time>
            <StartTime>2025-12-09T00:00:00+08:00</StartTime>
            <EndTime>2025-12-10T00:00:00+08:00</EndTime>
            <ElementValue>
              <WeatherDescription>晴時多雲。降雨機率0%。溫度攝氏18至24度。稍有寒意至舒適。東北風 風速5級(每秒9公尺)。相對濕度82%。</WeatherDescription>
            </ElementValue>
          </Time>
          <Time>
            <StartTime>2025-12-10T00:00:00+08:00</StartTime>
            <EndTime>2025-12-11T00:00:00+08:00</EndTime>
            <ElementValue>
              <WeatherDescription>晴時多雲。溫度攝氏18至23度。稍有寒意至舒適。偏東風 風速3級(每秒5公尺)。相對濕度87%。</WeatherDescription>
            </ElementValue>
          </Time>
          <Time>
            <StartTime>2025-12-11T00:00:00+08:00</StartTime>
            <EndTime>2025-12-12T00:00:00+08:00</EndTime>
            <ElementValue>
              <WeatherDescription>晴時多雲。溫度攝氏18至24度。稍有寒意至舒適。東北風 風速2級(每秒3公尺)。相對濕度85%。</WeatherDescription>
            </ElementValue>
          </Time>
          <Time>
            <StartTime>2025-12-12T00:00:00+08:00</StartTime>
            <EndTime>2025-12-13T00:00:00+08:00</EndTime>
            <ElementValue>
              <WeatherDescription>晴時多雲。溫度攝氏18至23度。稍有寒意至舒適。偏東風 風速&lt;= 1級(每秒0公尺)。相對濕度84%。</WeatherDescription>
            </ElementValue>
          </Time>
          <Time>
            <StartTime>2025-12-13T00:00:00+08:00</StartTime>
            <EndTime>2025-12-14T00:00:00+08:00</EndTime>
            <ElementValue>
              <WeatherDescription>多雲時陰短暫雨。溫度攝氏18至22度。稍有寒意至舒適。東北風 風速2級(每秒3公尺)。相對濕度85%。</WeatherDescription>
            </ElementValue>
          </Time>
        </WeatherElement>
      </Location>
    </Locations>
  </Dataset>
</cwaopendata>
